ID_PROVINCIA,PROVINCIA,SECTOR,2020T2,2020T1,2019T4,2019T3,2019T2,2019T1,2018T4,2018T3,2018T2,2018T1,2017T4,2017T3,2017T2,2017T1,2016T4,2016T3,2016T2,2016T1,2015T4,2015T3,2015T2,2015T1,2014T4,2014T3,2014T2,2014T1,2013T4,2013T3,2013T2,2013T1,2012T4,2012T3,2012T2,2012T1,2011T4,2011T3,2011T2,2011T1,2010T4,2010T3,2010T2,2010T1,2009T4,2009T3,2009T2,2009T1,2008T4,2008T3,2008T2,2008T1
53,Total Nacional,Total,18607.20,19681.30,19966.90,19874.30,19804.90,19471.10,19564.60,19528.00,19344.10,18874.20,18998.40,19049.20,18813.30,18438.30,18508.10,18527.50,18301.00,18029.60,18094.20,18048.70,17866.50,17454.80,17569.10,17504.00,17353.00,16950.60,17135.20,17230.00,17160.60,17030.20,17339.40,17667.70,17758.50,17765.10,18153.00,18484.50,18622.00,18426.20,18674.90,18819.00,18751.10,18652.90,18890.40,19098.40,19154.20,19284.40,20055.30,20556.40,20646.90,20620.00
2,Albacete,Total,144.20,146.20,150.70,152.50,149.90,153.20,158.30,160.30,155.60,146.00,151.50,149.50,143.10,141.50,140.30,136.00,140.50,138.20,148.00,144.80,143.50,133.40,136.20,132.40,137.70,137.10,134.30,136.00,133.40,126.20,123.60,126.20,129.50,137.10,145.80,147.70,150.80,149.00,154.70,151.30,148.60,146.90,148.40,157.40,154.00,161.80,160.70,174.00,171.20,172.00
3,Alicante/Alacant,Total,701.60,760.80,787.60,795.30,782.80,741.40,745.70,766.60,748.10,729.90,742.40,758.20,739.10,726.20,737.70,747.30,717.50,681.70,692.00,687.10,681.60,657.40,667.70,671.60,662.90,632.50,640.70,661.50,654.60,628.00,634.40,654.70,659.40,637.80,674.30,680.50,686.50,666.50,674.30,683.90,679.90,688.40,702.70,725.90,732.80,714.10,773.50,780.80,780.20,786.60
4,Almería,Total,252.70,284.50,286.90,268.20,283.00,286.00,275.70,250.40,257.20,267.10,265.40,252.20,265.70,273.10,261.60,264.50,258.10,252.80,248.00,234.40,241.80,238.40,227.90,217.40,227.00,241.10,230.30,216.20,238.60,230.60,231.50,225.10,233.50,238.40,241.00,234.70,231.80,249.70,263.20,255.20,248.90,261.50,264.40,247.30,258.70,268.20,266.10,258.20,265.70,287.20
1,Araba/Álava,Total,136.70,142.80,142.80,140.20,146.20,149.20,146.00,143.70,139.20,138.80,141.80,135.40,132.80,133.60,138.10,135.80,133.40,139.40,138.60,133.00,134.20,131.60,135.30,132.30,136.10,131.10,132.80,135.20,136.80,135.60,133.60,139.40,136.80,135.80,147.50,148.90,150.00,147.20,147.90,146.70,147.70,141.80,140.60,142.00,147.80,150.00,154.60,160.00,155.10,152.90
33,Asturias,Total,371.30,387.60,392.00,386.00,384.70,385.40,390.60,394.40,394.70,387.90,388.40,397.90,401.40,394.10,393.80,393.60,381.50,375.40,375.40,389.00,368.40,371.80,375.20,384.20,374.70,371.10,376.20,370.20,363.00,368.40,372.90,386.30,389.20,383.20,395.80,404.30,408.50,397.50,405.90,422.40,409.90,409.80,419.50,425.80,424.30,435.00,447.60,469.00,460.20,448.20
5,Ávila,Total,60.50,63.20,63.60,62.90,59.80,56.20,61.50,61.00,58.60,58.90,58.90,64.90,63.00,61.60,63.60,63.10,60.20,55.90,57.30,60.50,58.10,54.10,55.70,57.10,55.40,54.90,58.70,60.60,56.70,56.50,60.40,61.10,58.80,57.80,60.40,61.90,58.80,54.80,59.50,60.40,56.70,55.90,59.40,62.30,64.20,63.80,65.70,69.40,70.50,71.10
6,Badajoz,Total,230.20,235.20,237.90,252.60,248.30,243.50,240.90,240.50,233.90,225.00,230.20,232.00,231.20,216.10,219.00,230.20,228.80,224.00,222.80,224.60,217.70,218.30,217.90,225.10,217.10,207.20,212.90,214.70,212.80,210.80,213.80,221.50,207.80,214.40,219.80,234.00,242.60,236.40,239.90,248.80,247.40,239.90,243.50,253.50,251.30,244.80,252.70,265.50,260.10,259.10
7,Islas Baleares,Total,512.20,503.00,570.10,619.70,578.70,516.10,556.10,621.70,574.20,488.70,520.30,585.80,554.50,489.50,511.60,572.50,547.10,491.10,501.50,555.30,525.80,455.90,478.50,532.70,501.80,418.50,454.80,522.40,496.70,429.50,456.30,513.90,489.00,428.20,437.90,510.80,480.90,430.70,457.80,514.60,493.30,448.00,469.70,522.10,491.60,453.80,501.00,537.90,528.50,486.60
8,Barcelona,Total,2387.20,2557.00,2569.70,2543.20,2541.40,2537.10,2523.30,2501.30,2494.20,2468.70,2472.20,2447.10,2419.40,2402.50,2388.30,2386.20,2364.70,2319.80,2296.60,2278.30,2259.80,2227.50,2251.00,2243.90,2240.30,2202.70,2214.10,2183.50,2149.40,2167.30,2183.90,2219.80,2253.80,2279.80,2326.70,2363.10,2404.10,2377.60,2401.40,2415.70,2402.00,2382.10,2408.00,2430.60,2415.40,2455.70,2586.70,2646.00,2699.70,2676.40
48,Bizkaia,Total,460.80,477.50,479.70,479.20,487.70,477.80,478.60,473.10,474.20,465.60,471.00,472.10,472.90,472.90,470.30,468.40,463.30,457.50,457.70,450.80,445.60,453.80,454.10,449.50,455.90,438.90,453.50,448.50,457.30,460.00,473.20,461.60,472.40,474.70,487.00,491.10,490.30,493.20,498.80,500.00,506.10,489.30,480.70,485.30,492.20,496.10,508.40,519.50,525.10,512.50
9,Burgos,Total,141.70,155.00,156.00,155.20,151.10,151.60,154.80,155.20,160.20,152.40,151.10,155.40,153.60,153.90,159.60,166.00,161.50,152.30,145.60,145.60,143.40,143.30,146.40,149.00,150.30,149.00,144.70,146.10,140.50,140.90,149.20,155.20,152.20,148.80,150.80,158.00,157.80,152.00,156.10,157.30,155.60,157.70,157.70,162.60,159.70,169.00,173.10,176.40,172.10,176.90
10,Cáceres,Total,141.20,140.70,143.00,148.20,146.60,142.60,140.20,148.00,145.60,141.60,139.10,137.10,140.40,135.30,139.00,142.30,136.90,133.50,137.20,137.40,137.50,131.70,136.90,142.30,137.10,132.00,129.50,130.40,126.60,121.10,126.90,126.30,122.40,124.50,137.70,142.10,141.90,140.50,141.60,139.70,144.10,136.90,140.50,143.90,140.40,138.80,145.60,152.40,157.10,149.10
11,Cádiz,Total,413.60,417.80,420.40,438.30,430.30,403.50,404.40,422.30,414.30,382.60,392.40,418.00,399.20,381.60,380.90,400.80,379.40,361.00,368.30,371.80,364.50,338.60,332.80,348.40,341.00,333.80,342.10,369.10,349.60,338.20,354.50,385.00,384.70,365.20,377.00,408.90,395.50,382.70,392.90,407.50,403.80,392.00,404.30,416.90,415.10,414.70,434.60,456.40,456.80,449.40
39,Cantabria,Total,220.20,239.20,244.70,248.80,244.50,237.30,241.60,246.80,239.90,235.60,237.60,239.40,236.10,235.10,240.80,242.90,233.90,222.10,226.00,233.60,226.10,226.30,226.80,230.00,225.50,220.20,226.20,227.10,215.60,221.00,230.60,238.30,233.50,234.60,239.90,246.90,240.60,233.40,239.40,246.00,246.30,241.00,245.90,254.70,252.50,251.90,260.10,267.80,263.60,265.60
12,Castellón/Castelló,Total,232.80,241.40,242.80,245.30,232.40,233.40,232.50,234.40,232.50,227.00,234.10,227.70,217.90,212.30,223.90,214.80,212.50,211.60,220.60,220.20,216.80,210.90,216.10,205.00,208.60,205.90,208.60,210.30,199.20,200.90,215.20,213.20,213.50,211.20,219.40,221.40,219.40,223.20,231.60,234.00,229.10,231.50,244.30,245.20,249.90,253.40,266.00,273.30,282.00,283.60
13,Ciudad Real ,Total,177.10,184.40,187.70,188.10,188.80,189.80,188.80,182.30,177.80,179.30,179.20,179.40,173.60,175.80,176.60,178.60,174.00,165.60,165.70,165.40,159.60,154.90,159.70,166.90,163.40,161.30,168.90,172.10,163.60,163.10,166.00,169.90,163.50,168.30,179.20,184.80,188.60,189.00,189.30,194.60,190.50,189.50,194.60,194.50,195.30,193.30,201.10,204.50,208.30,204.30
14,Córdoba,Total,266.30,281.50,282.80,279.80,288.30,289.80,281.60,271.00,278.60,277.10,270.40,264.70,270.50,275.80,267.10,260.30,266.70,269.60,262.60,255.90,265.80,259.50,248.60,238.00,246.20,257.20,241.20,237.00,255.10,251.70,246.80,236.40,249.70,262.70,268.20,253.60,259.50,275.60,274.70,260.60,272.80,296.00,281.40,275.30,278.30,292.80,296.20,303.10,307.40,321.10
15,La Coruña,Total,450.80,464.10,476.50,477.70,477.90,475.30,471.30,475.80,461.30,452.80,456.60,462.60,455.60,447.50,458.10,453.40,446.60,441.80,445.50,446.80,437.20,430.10,434.30,440.80,428.40,420.20,430.40,431.10,435.50,436.70,445.20,456.90,449.80,460.60,465.60,462.20,462.60,465.20,468.00,472.40,465.00,469.40,489.50,489.70,494.60,497.80,502.30,508.70,494.10,481.70
16,Cuenca,Total,74.70,77.60,81.00,82.60,82.80,84.60,83.60,77.40,77.30,77.50,78.20,79.50,78.50,80.30,82.70,80.50,76.60,77.20,75.50,71.30,70.50,69.00,66.90,66.70,69.90,69.60,71.30,67.90,68.30,67.60,69.20,76.30,73.50,73.70,76.10,74.70,76.90,75.60,81.10,79.50,76.60,76.30,80.00,83.40,80.90,79.20,85.40,87.80,87.70,87.00
20,Gipuzkoa,Total,302.10,309.70,310.80,310.70,311.40,308.80,306.10,304.70,315.30,308.90,303.00,297.70,297.60,288.00,293.60,303.30,304.10,299.90,298.60,291.90,284.80,284.90,285.10,282.50,278.70,281.70,285.70,277.90,286.00,285.00,284.10,288.70,303.00,308.00,316.40,317.20,317.40,318.80,315.90,318.50,317.20,318.50,323.00,317.00,317.70,315.20,330.30,344.90,338.30,339.10
17,Girona,Total,324.80,348.20,356.10,366.10,352.70,335.60,343.30,356.90,342.50,318.30,327.00,342.50,331.20,308.10,316.20,327.50,312.50,308.40,301.60,314.10,310.10,302.50,301.70,315.70,306.60,289.70,298.40,320.50,305.90,290.80,296.60,313.40,301.80,294.90,301.00,325.50,319.60,310.60,326.00,345.30,331.30,315.40,312.70,333.50,329.80,325.10,343.30,358.90,358.60,350.10
18,Granada,Total,298.80,336.50,342.00,328.90,331.80,332.50,330.20,331.20,325.60,325.90,322.30,321.80,333.90,329.40,313.80,311.40,306.30,310.60,313.00,308.30,305.20,294.00,292.50,283.90,283.20,281.90,283.20,277.90,278.30,279.30,278.80,278.40,280.80,289.90,302.40,302.50,302.00,306.10,304.20,295.20,303.70,314.00,306.40,308.10,313.20,320.00,318.20,335.80,344.40,348.80
19,Guadalajara,Total,108.50,117.90,122.00,123.50,126.70,124.20,125.20,125.30,121.30,116.40,119.40,114.40,111.00,109.30,110.50,107.80,110.20,109.80,109.90,110.30,108.00,108.00,103.10,104.40,101.40,101.40,101.20,102.40,103.80,102.00,103.20,104.90,104.20,106.30,104.00,105.90,103.70,107.20,103.50,110.20,109.20,105.20,109.10,107.10,104.70,108.90,109.90,109.20,109.10,110.90
21,Huelva,Total,199.00,194.60,189.10,189.20,208.10,193.50,182.50,177.00,191.00,189.60,182.40,177.90,193.90,179.70,169.30,166.70,178.20,168.70,165.40,168.10,187.40,171.90,160.20,158.50,185.00,172.10,173.10,157.30,173.40,149.70,163.40,163.60,176.20,170.30,168.60,169.60,189.90,171.30,175.40,174.70,192.50,181.80,186.50,188.80,192.90,179.20,185.30,194.20,207.70,197.50
22,Huesca,Total,94.90,98.20,99.80,101.40,97.90,95.70,95.00,99.20,95.20,94.30,97.70,101.00,92.60,94.30,93.70,97.10,92.90,91.00,93.50,94.40,93.10,90.30,90.10,92.80,87.70,83.10,84.10,89.60,86.50,90.00,94.90,97.10,97.10,96.90,97.80,101.90,98.20,96.50,96.10,98.10,95.00,97.50,100.30,100.30,99.80,99.90,107.70,112.10,108.80,105.90
23,Jaén,Total,187.70,216.20,218.20,208.10,209.20,224.40,219.50,212.10,211.80,223.10,221.30,213.10,207.50,223.50,204.60,193.40,190.40,208.30,209.30,191.70,195.30,191.90,199.70,188.60,186.90,215.50,196.60,183.10,183.10,181.50,194.60,184.40,185.80,206.30,217.00,200.80,204.00,234.20,224.70,213.80,213.80,240.40,217.20,210.20,218.20,241.30,235.50,234.40,234.70,254.30
24,León,Total,160.00,170.80,180.50,184.90,184.80,174.50,180.80,183.10,178.20,171.90,169.50,170.90,172.70,166.40,168.10,175.30,165.80,162.40,162.20,166.40,164.90,158.30,164.00,166.60,160.90,155.90,159.00,164.80,164.10,163.30,164.80,169.00,171.50,172.10,180.40,183.60,181.90,177.40,181.60,189.30,187.60,181.40,186.60,186.90,190.30,187.40,193.70,197.50,191.60,198.00
25,Lleida,Total,190.30,204.70,206.50,203.50,196.50,193.30,194.80,191.60,186.30,183.00,188.10,189.10,181.00,183.70,186.40,188.20,188.40,188.60,191.20,193.50,187.50,182.00,188.30,186.10,182.60,176.60,186.70,190.10,182.30,184.60,182.00,187.50,181.00,179.90,184.60,188.60,196.30,192.90,182.80,183.40,186.90,188.00,194.70,196.70,200.80,204.00,207.00,214.20,206.80,204.50
27,Lugo,Total,129.50,134.90,135.90,136.20,134.70,131.90,137.30,138.70,136.00,134.90,133.50,136.50,132.30,129.20,128.90,132.70,133.70,131.40,133.50,132.60,128.00,126.60,126.60,127.40,123.10,124.40,128.10,132.20,126.90,124.90,131.00,133.30,132.90,133.60,141.80,144.40,143.10,141.10,144.50,147.70,143.20,139.20,138.30,144.50,137.90,143.60,149.30,154.20,152.40,147.40
28,Madrid,Total,2962.60,3147.00,3174.50,3096.20,3093.10,3032.00,3035.60,2991.70,2987.40,2948.90,2927.00,2942.40,2902.20,2856.60,2860.80,2833.00,2831.00,2817.00,2845.70,2806.40,2808.30,2786.60,2789.00,2746.20,2688.50,2636.10,2666.40,2706.20,2739.00,2760.70,2775.40,2822.50,2840.80,2837.30,2827.60,2865.40,2939.90,2930.30,2963.20,2933.00,2935.60,2930.10,2964.00,2959.50,3014.70,3016.50,3121.20,3150.60,3128.80,3126.10
29,Málaga,Total,602.00,639.50,647.90,650.60,649.90,647.40,650.40,643.50,631.00,596.30,601.70,599.80,593.70,564.40,570.10,585.90,575.30,578.20,580.50,578.60,575.00,549.10,564.70,558.40,534.00,496.70,498.00,512.20,503.30,488.20,502.20,525.40,518.00,513.00,531.90,534.30,533.40,524.10,533.90,559.20,549.70,539.70,554.30,570.00,553.00,550.70,581.10,612.40,602.70,614.50
30,Murcia,Total,590.10,604.80,611.90,618.10,622.10,602.90,604.60,595.10,596.10,573.30,586.40,582.50,585.80,570.80,571.60,564.90,570.40,542.00,536.30,535.40,534.20,513.40,525.30,530.90,541.20,522.90,518.40,522.30,514.10,504.70,510.20,526.00,539.90,534.00,537.60,551.30,549.20,538.80,556.60,559.60,573.00,559.90,555.40,567.30,580.30,585.10,607.90,617.40,635.90,642.50
31,Navarra,Total,271.50,284.30,287.70,290.40,293.70,283.70,284.80,283.80,284.00,276.10,280.20,279.00,279.70,276.00,277.30,271.20,258.60,262.80,264.40,267.20,267.30,258.20,264.30,263.30,262.00,260.30,259.30,259.70,256.70,256.80,263.60,271.60,268.70,266.20,274.30,283.20,279.70,278.90,279.90,278.90,285.70,276.20,281.10,283.50,282.30,285.70,290.40,296.30,297.40,297.40
32,Ourense,Total,109.40,112.00,112.20,111.10,114.10,110.10,112.10,111.60,113.50,111.40,112.40,110.60,108.00,107.20,108.00,111.00,106.20,102.20,106.70,108.30,105.20,104.60,107.40,106.00,102.60,103.70,102.90,102.20,104.00,106.00,108.10,113.20,114.10,116.30,118.10,120.00,121.00,117.20,118.80,119.70,118.10,120.50,124.00,125.60,131.10,135.50,135.90,137.00,139.30,137.80
34,Palencia,Total,62.80,62.50,64.40,66.50,62.20,61.60,60.50,64.10,66.70,64.40,65.10,65.50,64.30,63.40,64.20,66.60,63.10,62.00,62.40,65.10,60.30,57.00,58.00,59.50,58.50,57.20,61.20,62.80,62.90,61.30,62.80,66.00,63.00,64.10,65.40,65.00,64.30,63.90,67.50,70.50,67.10,67.80,68.20,67.90,65.40,63.20,66.80,68.00,67.90,69.60
35,Las Palmas,Total,436.90,488.90,481.60,447.90,447.90,444.20,468.60,477.20,462.70,458.20,456.80,440.20,430.30,412.00,418.50,413.50,411.50,418.60,412.60,401.40,400.50,399.80,386.50,367.20,387.20,393.10,390.30,371.70,380.10,388.50,388.90,388.10,371.60,385.20,385.50,392.70,386.40,389.50,378.30,382.90,380.20,400.70,402.60,403.50,392.90,403.20,421.40,441.30,444.70,448.30
36,Pontevedra,Total,360.80,372.00,371.30,380.70,372.00,362.90,367.30,370.30,364.90,351.00,353.30,362.80,353.00,349.80,354.60,360.80,347.60,345.70,346.90,351.30,339.50,326.20,332.20,343.10,337.40,334.50,341.20,346.40,339.00,338.00,349.50,352.40,345.30,346.40,354.90,367.30,370.80,361.90,365.70,382.70,372.00,371.10,390.40,396.40,389.20,393.40,409.00,416.50,416.40,422.90
26,La Rioja,Total,135.10,138.80,140.60,141.30,142.30,138.30,138.80,140.30,138.10,134.90,135.30,132.50,135.60,134.30,135.80,132.50,131.90,130.30,132.30,131.90,130.70,126.90,127.50,130.50,129.50,125.40,125.50,126.80,121.70,124.10,126.70,126.20,124.90,127.80,131.40,135.80,133.30,135.90,134.70,139.70,140.00,135.50,139.60,139.60,142.70,144.30,147.00,149.40,150.00,149.00
37,Salamanca,Total,124.20,129.10,130.80,130.30,129.60,130.40,131.20,133.60,133.40,129.60,133.50,135.20,126.90,123.70,123.40,129.10,125.20,124.20,132.70,137.90,132.40,124.20,122.90,128.20,124.90,119.00,121.80,124.10,122.80,122.20,125.50,132.60,133.30,130.40,132.30,140.30,133.60,128.20,132.20,133.30,137.00,130.60,137.70,135.70,129.70,127.10,131.30,136.70,139.00,143.20
38,Santa Cruz de Tenerife,Total,385.30,441.30,458.70,443.30,451.80,448.20,444.80,432.10,423.90,421.20,415.00,415.00,398.30,397.70,407.70,402.00,388.50,393.30,400.80,392.10,373.70,371.70,372.10,356.70,347.90,344.40,348.30,348.10,344.90,346.70,352.90,350.60,369.40,367.30,371.40,382.20,386.00,381.00,379.80,373.80,364.40,367.20,377.10,378.30,372.50,369.70,389.40,399.60,405.90,409.10
40,Segovia,Total,65.30,68.80,71.60,71.30,69.10,65.60,66.50,66.00,64.60,64.10,65.60,69.40,69.20,69.60,69.70,70.50,67.20,64.30,65.00,67.10,68.70,67.00,66.50,67.20,68.10,66.40,65.10,64.30,63.60,61.70,62.00,64.80,61.80,63.00,66.60,67.40,68.60,68.60,70.20,71.60,68.30,70.10,69.50,69.90,68.40,67.10,72.60,75.70,70.60,67.70
41,Sevilla,Total,689.00,736.60,748.80,737.70,735.30,729.10,745.90,725.20,722.90,706.00,715.70,704.80,697.40,680.90,677.70,658.10,678.20,665.10,672.10,649.30,673.50,640.20,655.50,617.90,627.40,614.40,606.40,604.80,628.30,628.30,632.50,627.10,658.00,659.60,668.80,669.40,694.70,688.90,699.10,672.90,697.50,680.20,687.40,681.90,713.50,718.60,741.20,756.40,776.40,765.00
42,Soria,Total,38.90,40.30,41.40,42.60,39.90,39.50,41.00,40.20,40.50,39.80,42.00,41.20,39.90,38.50,38.60,38.10,35.80,34.60,36.30,37.80,36.40,37.50,36.10,36.70,37.10,36.80,37.80,38.30,37.30,36.40,38.20,40.20,40.00,38.60,40.80,42.10,40.60,39.30,40.30,41.60,40.30,40.00,38.70,41.50,40.60,39.00,42.20,43.40,42.60,43.40
43,Tarragona,Total,325.20,341.40,345.70,349.60,340.60,325.00,329.70,344.20,337.40,333.20,329.00,337.90,338.80,303.70,311.70,322.00,315.70,310.70,312.50,324.90,317.60,311.10,307.10,329.10,310.50,291.70,299.60,311.60,303.10,290.50,299.60,311.90,322.70,317.90,324.20,336.40,344.00,331.80,332.20,343.20,335.30,325.40,328.50,344.00,342.70,339.10,355.40,368.10,372.00,377.70
44,Teruel,Total,54.70,56.70,59.20,58.50,57.30,55.40,57.80,59.10,57.70,55.30,55.30,57.80,54.80,52.90,56.30,57.30,54.80,56.10,57.10,55.20,54.70,51.40,51.90,51.30,50.50,50.30,50.70,50.50,51.80,51.60,55.80,55.60,55.00,55.20,56.80,56.80,56.80,58.50,57.40,56.40,59.70,60.40,61.10,64.00,62.30,62.10,63.30,64.40,63.70,64.90
45,Toledo,Total,266.60,274.80,282.80,279.30,272.20,277.70,274.10,272.30,263.00,258.00,270.80,269.50,260.50,263.90,260.00,253.60,246.80,242.40,242.60,254.00,239.20,241.70,244.40,246.00,244.10,235.90,240.80,242.60,243.20,240.70,248.40,252.90,255.50,259.50,269.50,280.40,267.40,265.90,260.70,262.30,261.80,266.20,272.30,267.90,263.90,266.90,278.80,289.80,297.50,295.30
46,Valencia/València,Total,1011.30,1072.10,1075.90,1062.30,1071.00,1078.60,1084.50,1058.50,1070.90,1040.80,1059.40,1028.10,1009.60,1006.00,1012.30,979.20,989.70,999.50,993.00,975.60,968.60,968.00,971.60,913.50,934.10,914.20,944.20,900.60,904.10,932.10,939.80,925.70,943.30,966.30,989.50,979.80,1005.70,994.20,1024.60,1006.70,1007.10,1020.20,1022.30,1012.50,1030.30,1082.20,1131.00,1142.40,1172.70,1195.80
47,Valladolid,Total,213.80,230.30,231.60,224.80,227.40,222.00,229.20,227.10,218.90,216.00,212.10,214.70,216.50,215.10,216.30,217.30,217.60,213.90,216.30,212.90,212.30,210.60,208.80,212.50,202.60,202.70,201.70,209.70,214.90,209.90,213.70,223.70,219.60,216.50,223.90,225.80,228.00,228.30,230.00,229.40,224.60,225.80,230.70,234.40,231.60,231.20,238.50,241.40,243.10,242.50
49,Zamora,Total,59.80,64.20,64.00,66.50,65.60,63.30,65.30,66.60,64.40,60.80,68.00,69.60,68.90,67.00,69.40,67.00,64.20,63.20,66.00,65.90,62.70,61.20,62.70,62.40,60.20,59.70,58.80,57.30,58.20,55.40,56.30,59.40,61.70,63.70,66.00,68.70,67.30,66.20,69.20,71.30,68.90,66.10,68.80,66.90,70.00,69.00,73.90,76.30,74.80,73.70
50,Zaragoza,Total,412.60,427.30,432.30,435.30,431.50,426.10,424.10,421.90,424.30,411.40,412.70,411.40,422.40,410.30,410.90,400.20,404.20,401.30,397.70,401.50,393.10,382.90,384.50,388.10,379.60,367.50,380.80,382.60,372.50,370.10,397.00,395.10,394.30,391.10,398.70,399.70,395.50,384.40,397.30,412.10,410.60,410.90,417.40,426.00,420.00,423.00,443.20,455.80,456.60,456.10
51,Ceuta,Total,28.80,29.30,28.00,27.40,28.50,29.30,27.70,26.80,28.60,26.60,27.60,27.90,28.70,28.70,27.90,27.70,28.10,28.10,27.80,27.20,27.40,25.20,26.60,26.40,25.50,25.20,24.20,26.40,25.70,25.80,23.60,23.80,24.60,25.30,28.70,24.20,26.60,26.80,26.50,27.20,26.20,27.70,25.50,27.90,29.50,30.70,29.40,27.20,26.60,26.50
52,Melilla,Total,29.50,28.30,26.90,26.10,28.70,29.50,29.70,30.70,28.80,27.70,28.60,27.60,26.10,25.40,27.00,25.50,23.80,24.40,23.30,24.60,22.80,23.20,24.20,23.20,24.10,25.80,24.00,23.20,26.00,25.30,25.90,25.30,25.70,25.40,24.90,26.90,26.20,27.30,24.10,24.20,23.40,25.10,23.90,22.80,23.50,22.30,23.20,23.90,24.60,23.40
53,Total Nacional,Agricultura,763.40,784.80,793.90,746.20,809.30,839.70,825.60,768.40,822.50,833.80,820.70,777.00,832.60,847.70,816.70,743.80,760.20,777.40,779.70,709.50,740.40,717.40,728.90,666.10,739.30,809.10,777.30,699.40,753.10,716.50,774.00,714.20,722.30,763.00,802.30,704.80,735.90,778.00,796.00,747.80,772.80,827.70,778.60,740.60,790.80,842.50,813.20,798.80,830.60,870.10
2,Albacete,Agricultura,14.00,12.30,12.50,16.10,16.40,14.90,12.20,12.20,11.00,12.00,9.30,10.60,11.10,11.80,13.10,11.60,13.20,9.00,13.80,11.30,12.90,11.10,14.00,12.60,12.20,12.50,11.60,10.40,9.70,7.60,11.80,10.90,9.40,9.70,11.90,12.90,9.20,10.80,11.70,11.70,12.30,9.30,8.70,8.60,8.20,10.30,10.00,11.60,11.10,14.50
3,Alicante/Alacant,Agricultura,14.30,18.30,27.40,25.00,27.70,34.60,34.50,29.10,24.40,21.30,22.30,18.50,19.90,16.80,12.10,16.70,17.90,20.50,23.80,28.00,28.70,21.10,22.80,16.40,17.50,22.30,25.30,25.00,28.40,29.30,30.60,32.20,24.40,26.20,23.90,16.40,16.50,18.60,14.20,21.10,21.10,17.80,20.50,23.00,29.20,28.50,28.00,27.00,23.20,19.40
4,Almería,Agricultura,55.40,62.90,74.60,58.70,63.40,71.60,68.60,53.30,58.90,78.20,78.40,72.30,75.00,82.50,77.70,73.30,71.60,67.10,65.70,55.80,43.20,41.80,39.80,31.60,35.20,42.40,37.10,35.10,41.80,39.70,51.50,45.80,51.00,58.90,62.20,52.90,52.60,48.50,61.30,54.70,39.60,54.20,50.90,47.90,40.80,36.00,35.80,35.60,41.20,49.30
1,Araba/Álava,Agricultura,3.60,2.10,2.30,3.00,3.40,2.60,2.80,3.40,3.20,3.50,3.30,4.00,3.80,4.30,4.00,2.30,3.70,3.90,2.60,3.50,1.80,1.50,1.30,2.00,3.00,3.30,4.80,4.50,4.60,4.80,3.60,3.40,2.20,1.70,1.40,2.40,2.40,1.60,3.70,2.60,3.10,2.90,3.80,3.60,3.10,2.60,2.70,2.80,1.90,2.10
33,Asturias,Agricultura,10.50,11.90,12.00,12.20,14.10,17.60,17.80,16.80,17.10,16.90,17.20,14.90,15.50,13.60,13.60,14.30,13.80,12.30,12.80,13.30,12.60,12.50,13.40,15.20,17.70,17.70,17.30,18.70,16.20,17.90,16.60,17.20,16.60,17.00,17.50,17.30,15.30,13.70,15.00,14.40,14.60,18.10,16.90,16.80,16.80,17.10,17.70,22.10,21.40,20.70
5,Ávila,Agricultura,5.50,5.70,5.80,6.40,4.90,4.50,5.80,5.30,3.30,3.30,4.20,4.20,5.10,4.70,5.40,6.40,5.60,5.30,4.80,6.00,6.20,6.10,5.80,6.10,5.60,5.10,6.10,5.50,6.20,7.20,8.00,7.40,7.50,8.20,7.30,6.40,6.10,6.70,8.20,7.00,6.00,6.30,7.10,7.40,7.60,7.50,7.80,8.10,8.20,6.70
6,Badajoz,Agricultura,31.10,27.60,28.50,35.20,37.00,35.10,35.90,39.80,40.50,34.70,37.90,36.60,32.10,26.50,26.60,29.00,22.80,18.80,26.70,25.50,27.20,22.40,23.50,29.80,27.20,19.90,21.70,22.40,22.90,20.00,24.10,26.50,25.00,20.60,23.70,22.70,23.70,19.50,20.60,28.40,30.20,25.40,27.70,31.70,27.60,24.20,26.30,30.50,28.80,24.50
7,Islas Baleares,Agricultura,4.70,5.00,4.20,4.00,7.90,7.30,7.40,9.00,9.60,9.40,5.40,4.60,4.30,3.60,3.80,3.80,4.30,5.90,4.30,5.70,5.30,5.90,4.30,5.10,6.00,6.50,5.40,5.60,5.50,3.70,4.80,4.10,4.30,6.60,7.70,8.20,7.60,5.90,4.60,4.30,5.60,5.50,6.40,6.10,6.90,7.40,5.50,4.90,6.70,5.80
8,Barcelona,Agricultura,8.40,7.70,7.10,7.80,8.60,6.60,7.50,12.10,15.50,13.40,12.00,10.70,10.50,13.20,10.20,8.50,7.40,7.40,8.30,6.70,7.70,9.90,11.50,10.70,12.80,11.30,9.80,13.00,11.40,11.50,10.30,14.30,13.50,12.60,13.00,12.10,9.20,12.00,16.60,21.40,21.20,18.50,16.00,15.40,14.40,14.00,17.70,16.90,20.40,21.20
48,Bizkaia,Agricultura,2.20,4.70,3.10,4.40,4.20,3.00,3.00,3.10,2.90,3.50,3.00,5.40,7.70,8.00,8.20,6.80,5.40,5.20,5.60,5.90,6.20,6.90,6.70,5.30,6.20,6.10,4.70,4.10,7.60,8.00,6.30,6.10,7.70,5.90,5.50,5.20,3.90,3.20,4.10,4.60,4.70,5.70,6.20,7.00,5.80,8.70,8.60,8.30,7.50,11.70
9,Burgos,Agricultura,7.80,8.40,8.50,9.20,9.40,8.30,7.30,7.40,7.80,5.10,7.50,6.70,5.20,6.80,6.00,9.10,7.70,8.30,9.10,7.60,8.90,5.70,4.70,5.20,5.50,5.40,6.50,7.30,5.90,6.50,7.20,7.00,6.20,7.50,8.70,9.20,11.60,12.80,12.30,7.30,6.50,7.90,9.20,10.70,9.30,10.50,11.60,9.70,10.00,12.10
10,Cáceres,Agricultura,12.80,12.00,12.90,16.30,15.80,13.30,14.30,15.10,13.00,12.90,13.30,11.00,13.30,10.90,12.40,12.10,11.20,12.10,11.60,13.90,11.50,14.20,13.80,14.20,13.40,12.00,13.70,13.00,12.30,12.30,14.40,14.80,13.40,12.90,17.80,13.30,13.30,10.90,13.20,12.80,11.80,11.50,13.70,14.20,17.50,14.10,16.40,17.30,18.20,16.00
11,Cádiz,Agricultura,13.60,16.90,14.90,12.50,11.80,10.00,10.00,11.90,11.90,8.20,7.60,8.90,11.90,11.30,9.50,7.00,7.60,6.10,8.20,5.00,4.70,8.30,5.40,7.30,7.90,7.90,7.80,8.00,12.40,11.40,13.40,12.40,18.50,16.00,13.50,13.80,15.50,9.60,12.60,7.90,11.70,11.90,10.30,14.40,13.80,18.50,16.70,19.60,20.00,14.90
39,Cantabria,Agricultura,6.60,8.10,6.80,7.90,7.90,6.00,7.00,6.40,6.20,6.80,7.70,7.80,6.40,6.60,5.90,7.50,7.30,8.60,8.10,8.20,7.40,6.00,6.90,6.50,6.90,7.20,8.60,8.80,8.60,7.90,6.90,7.70,7.50,7.90,7.50,7.10,6.10,6.80,6.40,7.20,7.50,8.50,9.30,10.60,10.60,9.50,8.70,9.80,10.60,11.30
12,Castellón/Castelló,Agricultura,8.50,10.00,11.90,12.00,13.20,11.10,9.80,11.60,10.50,9.60,11.20,10.30,9.70,9.00,9.50,7.40,9.90,10.90,12.30,12.20,13.90,13.70,14.90,12.40,12.30,11.40,10.40,10.00,10.40,9.70,12.70,11.30,11.00,11.20,11.90,9.60,9.40,8.80,11.20,10.50,9.30,7.60,9.40,8.90,10.70,9.20,10.80,12.00,14.30,13.10
13,Ciudad Real ,Agricultura,14.40,16.00,16.50,15.60,15.20,15.20,14.50,13.90,14.90,16.30,15.40,17.60,16.30,17.70,17.30,16.50,14.30,13.80,12.40,14.50,11.00,11.70,13.00,15.10,13.00,16.00,18.30,17.10,17.00,15.30,15.40,16.30,14.70,15.00,13.20,13.90,13.80,12.40,12.70,16.30,14.10,15.30,17.10,16.20,17.60,16.60,16.60,15.30,13.70,14.50
14,Córdoba,Agricultura,29.30,36.20,29.40,20.30,28.80,39.00,30.80,22.70,27.70,35.70,28.60,20.80,26.60,39.90,27.90,19.40,22.70,36.90,30.30,17.30,23.30,28.40,26.10,20.40,28.90,44.30,29.60,19.50,24.30,29.60,29.10,19.80,20.60,33.10,32.70,18.20,22.90,43.30,34.20,21.10,26.90,50.30,32.80,20.10,26.30,45.70,31.10,23.50,28.30,42.30
15,La Coruña,Agricultura,22.40,22.90,23.10,24.10,20.70,21.00,24.70,25.20,22.30,25.60,28.10,29.10,26.50,27.60,28.40,24.60,21.90,20.80,20.00,21.30,21.40,20.90,22.30,23.40,20.50,21.10,23.50,24.40,25.90,23.40,25.20,27.20,26.40,29.30,29.80,30.20,26.80,27.20,28.10,27.90,27.40,25.20,30.10,34.00,33.90,29.80,28.90,32.30,29.10,30.90
16,Cuenca,Agricultura,8.80,8.00,7.10,6.10,7.30,10.00,11.00,8.00,10.00,9.10,10.30,10.80,14.10,13.10,13.80,11.20,9.50,9.30,10.80,11.40,12.10,11.60,11.50,10.60,12.20,13.70,12.50,11.70,10.90,9.70,8.60,9.80,9.50,10.60,10.80,12.00,11.10,11.40,11.40,8.80,10.00,9.50,9.20,9.10,9.50,10.00,11.10,11.60,10.40,11.80
20,Gipuzkoa,Agricultura,2.60,3.00,3.60,4.70,3.40,3.10,2.60,3.80,2.80,2.40,1.70,3.70,3.80,2.40,3.10,3.00,1.90,2.60,2.70,1.90,2.50,3.70,3.30,3.30,4.40,4.10,3.80,3.90,3.20,2.90,2.20,2.40,2.20,2.60,2.70,2.80,3.40,4.80,4.60,3.70,4.70,4.40,4.40,3.00,3.20,3.40,4.90,4.70,5.40,4.50
17,Girona,Agricultura,6.50,8.40,9.10,7.60,8.10,8.60,8.70,8.10,8.70,7.90,8.70,8.30,7.20,10.00,9.00,9.70,8.20,10.30,9.00,7.40,7.10,5.80,5.40,6.40,6.80,6.50,6.80,7.40,7.70,4.60,7.30,9.30,9.30,9.50,11.20,11.00,10.30,10.00,11.00,13.10,11.80,10.10,10.30,12.80,11.10,8.90,9.90,10.50,6.30,6.70
18,Granada,Agricultura,31.30,38.00,32.10,23.40,28.10,38.30,31.90,21.50,27.30,31.90,27.60,26.20,31.50,31.20,21.90,26.10,25.90,26.30,29.80,21.90,24.50,21.10,26.20,19.50,21.70,34.50,29.10,20.90,21.10,25.50,24.50,17.00,15.90,23.00,26.00,11.50,14.80,19.60,22.60,19.50,25.40,38.60,26.40,23.60,26.10,37.00,28.30,23.40,25.60,29.00
19,Guadalajara,Agricultura,2.30,0.60,0.40,0.80,1.30,1.50,2.60,4.00,4.70,4.60,4.50,5.00,4.00,3.50,2.40,1.80,1.30,1.30,1.10,2.60,2.60,2.70,2.30,2.50,2.70,2.40,2.20,3.60,2.80,1.80,2.60,2.90,3.10,3.60,4.40,4.20,4.20,2.70,3.10,5.80,4.60,5.20,4.00,3.60,2.90,2.20,2.90,3.20,3.90,4.20
21,Huelva,Agricultura,42.10,38.10,29.50,28.40,51.00,44.00,42.10,29.80,38.90,37.40,33.30,25.50,41.50,33.40,34.10,24.80,38.80,40.20,30.30,21.10,44.70,37.30,39.70,25.50,48.80,46.10,40.10,20.60,45.20,24.40,32.40,17.20,34.10,28.30,28.50,20.20,36.30,28.20,27.60,14.60,31.00,26.30,24.00,19.10,27.30,23.60,20.30,19.50,32.10,27.00
22,Huesca,Agricultura,13.80,14.30,14.40,13.40,12.10,10.80,10.60,13.10,12.80,13.50,13.10,14.50,13.80,14.40,12.20,12.30,13.10,12.00,12.60,12.50,10.40,11.30,10.90,10.40,10.30,9.20,9.30,10.80,10.00,11.00,12.10,12.40,13.40,12.50,14.10,14.30,15.00,15.20,13.30,16.60,13.00,9.50,9.10,11.20,8.60,9.20,8.70,9.60,10.40,9.50
23,Jaén,Agricultura,20.80,32.50,31.50,18.10,20.00,38.20,29.10,17.50,19.30,38.50,36.90,23.10,28.10,48.70,33.40,19.30,20.70,38.40,38.20,14.90,15.00,22.70,29.90,13.60,15.00,60.80,34.20,14.70,13.60,18.00,25.20,12.00,14.50,34.20,32.80,14.70,20.40,47.30,33.30,19.00,25.70,56.20,27.80,13.80,18.80,42.60,23.80,19.10,21.60,43.90
24,León,Agricultura,7.30,8.40,9.00,10.30,9.70,7.90,8.70,8.90,7.70,6.80,8.30,8.00,7.80,8.20,9.10,10.30,8.20,7.60,7.50,9.20,8.80,7.70,8.30,8.90,10.30,9.30,11.30,12.10,10.50,9.30,8.60,8.50,6.90,8.30,6.70,8.00,9.30,10.00,9.90,10.30,9.20,7.60,7.70,7.90,10.00,10.90,9.70,12.50,13.20,14.20
25,Lleida,Agricultura,20.40,18.50,19.90,20.70,17.10,18.70,18.30,22.60,20.30,18.60,17.90,21.70,20.10,18.20,15.90,17.60,17.50,18.00,17.80,18.00,17.90,17.40,15.20,14.20,13.70,15.20,16.90,20.20,21.90,22.90,19.70,19.40,18.10,20.00,19.70,18.40,17.10,20.20,19.70,20.20,21.20,17.00,18.50,20.30,18.30,19.30,18.90,17.90,18.20,14.90
27,Lugo,Agricultura,19.10,20.00,18.70,19.40,20.70,18.10,19.80,19.00,18.70,18.80,18.80,20.40,18.90,19.50,19.80,20.30,19.90,18.90,19.00,19.00,18.80,19.60,18.70,21.10,23.60,24.40,26.10,27.70,25.30,23.80,24.40,23.80,25.40,23.70,23.30,24.50,26.40,27.00,29.00,31.40,29.30,28.00,26.00,26.80,24.70,23.90,27.60,28.40,25.50,27.90
28,Madrid,Agricultura,2.00,2.40,5.60,6.70,5.70,6.40,8.00,7.80,6.40,1.90,1.50,2.20,5.70,4.90,6.60,9.90,7.50,5.90,4.40,5.60,6.60,5.10,10.70,12.00,14.60,12.00,15.50,11.10,12.50,6.40,6.30,11.10,9.90,6.10,8.50,3.70,4.70,5.40,10.60,5.10,6.00,4.80,12.90,9.50,15.30,13.50,14.90,17.20,17.90,22.40
29,Málaga,Agricultura,20.80,27.60,19.90,14.40,13.90,15.30,16.80,14.50,20.00,20.90,17.90,11.00,16.40,17.00,11.60,11.60,15.60,27.00,19.50,13.20,12.00,23.40,16.80,11.50,17.70,15.40,13.60,10.90,10.50,14.00,9.60,9.70,8.00,12.20,14.70,9.40,11.50,9.70,10.40,7.80,8.40,10.70,13.00,12.00,13.20,19.60,17.10,19.90,19.00,15.30
30,Murcia,Agricultura,86.60,68.00,69.10,72.20,77.40,80.80,80.80,78.40,86.60,72.50,74.20,82.20,88.90,76.90,76.20,77.20,83.70,69.30,64.80,63.00,76.70,66.80,62.50,69.80,74.10,71.60,69.50,69.60,71.30,61.90,63.30,59.00,70.30,69.20,74.40,65.30,71.00,71.80,68.90,62.90,72.70,76.20,56.40,56.20,63.50,64.40,62.60,53.80,57.20,52.60
31,Navarra,Agricultura,9.60,10.30,9.20,9.30,12.50,9.90,10.10,10.90,14.20,12.00,11.00,11.10,10.10,11.90,11.10,9.60,9.80,7.80,9.30,10.20,9.40,9.20,10.60,12.30,13.40,14.00,15.60,15.50,15.50,13.80,10.20,11.10,8.60,8.10,7.90,9.30,7.10,7.40,10.60,11.50,11.30,12.60,13.70,11.80,13.30,13.80,12.50,13.20,14.00,13.30
32,Ourense,Agricultura,5.00,4.70,4.80,5.70,6.40,4.70,4.80,5.40,4.70,5.30,5.50,6.50,6.50,6.80,7.90,7.10,5.90,5.50,5.90,4.90,3.60,4.60,5.10,5.40,4.20,4.10,4.20,4.90,4.80,5.10,6.50,7.50,6.70,6.50,6.50,8.80,9.00,9.50,9.30,10.40,8.70,8.10,8.50,8.50,11.90,14.90,7.90,12.50,11.30,10.90
34,Palencia,Agricultura,3.80,4.10,5.30,5.20,4.90,4.60,5.90,6.40,5.30,4.60,5.10,6.80,5.70,6.40,6.30,6.90,6.20,5.40,5.80,5.60,6.70,7.00,7.70,8.00,6.90,6.30,6.00,6.90,6.90,6.50,6.90,9.10,7.70,6.60,7.30,6.60,4.90,3.70,2.80,3.60,4.50,5.10,4.90,5.00,5.40,4.20,5.40,4.90,5.50,6.10
35,Las Palmas,Agricultura,13.50,10.90,11.30,11.60,9.90,9.50,7.50,6.00,9.60,10.10,11.20,8.90,8.30,9.60,9.60,9.70,9.60,11.30,10.00,8.80,8.00,8.80,8.50,5.60,13.50,14.00,13.40,9.40,9.30,8.00,9.50,7.60,5.90,12.40,11.80,11.00,6.80,9.00,8.60,9.30,9.60,11.50,10.10,8.80,7.30,8.90,8.10,6.40,7.80,12.70
36,Pontevedra,Agricultura,19.80,20.40,20.00,20.30,19.40,19.80,18.70,20.70,18.50,20.00,21.00,22.20,21.10,22.30,21.30,21.50,20.40,21.50,20.80,19.80,17.30,18.00,17.30,17.80,17.60,17.90,19.40,19.40,20.50,19.00,22.20,21.50,22.00,19.90,19.80,22.70,21.50,21.00,22.50,23.00,21.70,23.00,25.70,26.00,26.50,28.20,28.90,29.30,27.40,27.10
26,La Rioja,Agricultura,8.80,9.00,7.70,6.30,6.40,6.80,7.30,6.80,7.20,6.50,4.80,6.10,6.60,7.70,8.50,6.30,9.60,7.60,8.00,7.70,8.50,8.00,6.50,5.80,6.80,8.10,8.30,9.30,8.80,8.50,8.40,7.20,5.60,6.70,6.40,7.00,6.30,6.70,6.90,5.70,6.00,5.60,6.70,6.10,5.60,5.20,5.20,6.40,6.60,6.70
37,Salamanca,Agricultura,6.90,8.30,8.50,10.20,8.60,8.10,8.10,8.80,10.60,11.30,9.40,11.50,8.30,7.30,10.30,10.90,10.30,9.90,12.70,14.00,13.50,11.90,15.10,13.00,10.00,8.60,7.20,9.10,9.00,9.80,11.70,14.70,12.60,9.60,9.20,10.20,8.40,6.30,6.30,5.70,8.70,8.10,8.30,6.10,8.30,7.00,9.00,8.30,11.90,10.20
38,Santa Cruz de Tenerife,Agricultura,13.90,14.40,17.00,14.60,12.50,14.90,12.60,14.60,15.30,13.60,12.50,14.80,12.30,10.80,11.10,10.70,6.10,11.00,14.20,15.70,14.20,14.40,16.50,13.20,13.40,14.90,14.70,12.50,13.20,13.80,12.90,12.70,10.30,10.70,9.50,12.30,11.80,13.90,15.10,20.80,17.90,14.10,12.80,13.00,14.20,13.00,15.00,15.80,17.10,16.70
40,Segovia,Agricultura,6.80,6.90,6.80,7.40,7.70,7.20,7.90,7.60,6.40,5.90,6.00,6.20,4.80,6.10,7.80,6.90,6.00,5.60,7.20,8.20,7.30,6.90,7.70,7.50,7.30,8.50,8.60,7.30,6.50,6.00,5.10,6.40,6.00,5.60,7.80,7.70,6.40,5.10,4.80,4.70,4.80,6.30,7.40,7.00,7.60,7.20,9.20,9.30,7.70,6.70
41,Sevilla,Agricultura,38.40,37.30,42.30,28.30,35.30,34.70,36.90,30.10,41.10,40.30,44.20,26.40,35.90,33.20,44.50,24.30,35.70,37.10,43.40,35.40,41.50,33.40,38.40,28.70,39.20,37.50,35.40,24.90,31.90,36.70,42.90,24.20,27.70,24.50,32.90,26.20,33.80,34.70,39.60,26.90,33.80,35.40,37.30,28.50,37.80,38.00,41.80,28.60,32.90,33.00
42,Soria,Agricultura,3.80,3.00,4.30,4.30,4.60,3.60,3.40,3.60,4.70,4.90,5.20,5.10,4.40,4.60,3.30,4.40,4.20,4.00,4.80,4.40,3.80,3.30,3.30,3.50,3.90,4.10,3.80,4.10,3.40,3.70,4.00,4.50,4.70,3.90,3.80,3.30,3.70,3.50,3.10,3.50,3.50,3.20,3.40,3.80,3.10,3.60,3.50,4.00,3.70,4.80
43,Tarragona,Agricultura,12.20,12.60,13.70,18.50,18.80,16.10,19.20,17.60,17.80,15.90,15.20,14.20,15.50,14.60,18.20,15.20,13.60,16.60,16.60,14.00,13.90,13.80,11.90,14.50,11.80,12.30,13.30,13.70,13.80,14.70,14.70,15.00,14.10,15.10,18.00,15.70,18.00,20.60,19.80,16.90,16.40,15.80,15.00,12.00,16.60,13.50,20.60,16.90,15.50,15.90
44,Teruel,Agricultura,4.30,4.00,4.80,4.70,4.70,5.90,6.50,6.10,6.30,5.80,6.20,5.50,5.20,6.30,6.70,6.50,5.90,6.40,5.60,5.30,5.20,5.20,5.60,4.50,4.80,4.80,4.60,4.20,4.00,4.90,6.60,6.20,5.90,6.20,6.10,6.60,7.20,6.60,7.30,6.50,7.60,7.80,8.50,8.20,7.80,7.10,7.50,6.70,7.10,6.50
45,Toledo,Agricultura,13.20,14.10,12.40,11.90,13.10,13.70,11.00,11.90,14.20,17.50,21.70,17.60,14.20,17.40,15.40,10.40,7.90,10.40,13.30,10.70,10.30,8.80,9.80,8.60,9.90,10.60,12.20,10.40,11.80,10.10,13.20,14.40,12.10,14.20,14.60,14.10,12.20,14.40,10.60,10.50,10.60,9.60,10.70,14.80,12.60,13.40,14.20,14.10,14.70,13.40
46,Valencia/València,Agricultura,28.00,23.10,25.50,20.20,25.40,24.50,24.00,17.80,24.90,26.20,23.70,23.60,31.20,32.10,34.90,23.70,28.10,24.10,29.00,29.20,29.80,32.20,27.80,20.00,23.40,17.70,25.60,15.60,22.60,25.20,26.00,19.10,23.10,22.60,26.40,22.70,29.10,30.60,27.10,26.70,24.90,26.40,29.70,26.40,30.20,35.40,29.50,30.00,27.00,34.30
47,Valladolid,Agricultura,7.90,6.60,7.60,9.30,9.20,8.90,10.20,9.50,8.60,8.70,6.10,6.00,8.30,6.70,8.90,10.30,12.40,11.10,7.60,7.80,9.90,6.80,6.30,9.10,6.30,7.00,7.70,9.30,7.60,7.90,10.10,11.60,6.90,6.80,7.30,6.80,8.50,8.40,9.80,14.00,12.20,10.00,7.30,7.20,9.60,10.60,10.30,10.20,11.70,10.30
49,Zamora,Agricultura,5.00,6.40,5.60,5.90,6.10,5.60,6.70,7.00,7.60,7.20,8.30,7.70,9.50,10.00,11.20,10.20,9.90,9.50,8.20,6.90,5.60,5.90,7.00,7.20,7.10,7.10,8.70,7.80,7.60,8.10,9.00,7.80,8.90,9.30,8.20,8.80,10.10,10.00,9.30,10.20,9.20,8.30,10.30,8.50,10.00,10.70,11.80,10.70,12.10,11.90
50,Zaragoza,Agricultura,12.90,12.20,15.70,15.50,17.50,18.00,19.90,22.20,20.60,16.60,16.30,20.20,21.90,17.50,19.00,18.10,18.50,12.60,9.50,17.40,18.50,14.60,12.50,12.70,11.90,13.40,15.20,17.20,18.50,12.50,15.60,14.80,13.10,10.20,11.50,13.40,9.90,10.70,16.20,17.60,14.70,10.80,12.30,13.10,10.40,9.00,11.10,12.60,15.30,14.60
51,Ceuta,Agricultura,..,..,0.10,0.10,..,..,..,..,..,0.20,..,..,..,..,..,..,..,..,..,..,..,0.10,0.10,0.10,0.10,0.20,0.10,..,..,..,..,0.20,..,..,..,..,..,..,..,..,..,0.20,0.10,0.20,..,..,..,..,..,..
52,Melilla,Agricultura,0.20,..,..,..,..,..,..,0.10,0.10,0.10,0.30,0.10,0.10,..,..,..,..,..,..,..,..,..,..,..,..,..,..,0.10,..,..,..,..,..,..,..,..,..,..,..,..,..,..,..,..,..,0.20,..,..,..,..
53,Total Nacional,Industria,2642.30,2769.30,2763.70,2815.80,2764.50,2708.50,2708.30,2725.70,2722.80,2676.40,2711.30,2670.70,2636.60,2570.90,2579.10,2531.30,2497.10,2481.40,2463.40,2518.90,2505.90,2441.10,2438.80,2427.10,2355.30,2298.60,2340.80,2345.10,2357.70,2378.50,2438.80,2496.70,2489.60,2509.70,2584.70,2632.40,2622.90,2578.80,2661.90,2645.30,2656.70,2637.90,2718.60,2752.00,2829.10,2930.60,3078.50,3231.10,3284.30,3352.80
2,Albacete,Industria,22.70,24.50,27.20,28.00,26.80,26.20,25.00,26.10,25.50,22.30,20.60,21.40,18.00,21.80,20.90,17.60,17.80,18.70,17.80,18.90,19.50,15.90,17.60,20.50,22.50,22.60,21.00,19.60,19.50,19.30,16.30,16.70,15.80,17.90,20.00,22.50,25.00,24.40,24.60,23.20,26.10,26.30,27.10,28.20,28.10,30.80,26.80,31.60,30.60,28.90
3,Alicante/Alacant,Industria,97.50,123.50,118.40,128.00,124.90,118.40,116.10,112.20,122.40,132.80,132.80,142.70,142.00,132.10,128.00,109.70,101.90,94.40,90.40,95.60,110.80,108.00,112.20,107.70,102.00,90.80,94.40,86.90,99.20,99.40,110.50,114.10,126.50,125.00,127.50,130.20,121.20,108.50,108.80,104.70,96.60,95.90,93.90,99.20,109.60,113.10,124.10,128.20,137.40,145.30
4,Almería,Industria,17.50,19.20,17.30,12.90,13.90,13.90,14.10,18.20,19.60,16.30,17.40,14.20,16.60,15.70,15.50,17.30,13.80,14.70,11.00,10.60,12.10,10.30,10.30,9.60,8.60,7.40,10.00,10.70,9.40,10.80,12.50,13.00,9.70,7.60,8.90,10.70,13.80,15.40,14.00,11.40,14.60,11.70,15.60,15.40,22.20,27.50,24.60,16.70,19.70,21.90
1,Araba/Álava,Industria,38.10,41.00,41.50,41.80,39.90,39.60,40.40,41.60,42.50,42.70,41.10,40.50,39.80,40.20,42.40,42.30,42.40,42.20,43.40,42.80,42.00,37.10,37.70,35.70,33.40,31.20,34.00,35.90,32.70,34.50,33.70,34.10,34.00,38.20,42.70,42.70,49.10,50.40,47.20,43.00,40.90,37.30,38.30,38.30,40.40,42.20,43.60,47.90,50.10,50.70
33,Asturias,Industria,55.30,54.50,50.60,53.60,53.90,54.00,54.80,55.60,58.70,55.70,56.00,61.20,60.30,61.80,62.70,56.60,57.00,53.40,52.30,58.30,56.60,58.30,60.30,62.50,59.20,56.90,56.60,54.00,52.60,54.50,54.90,59.30,58.10,55.00,54.00,56.50,58.40,59.30,57.80,62.00,60.50,58.70,62.10,61.10,59.30,64.40,71.10,76.20,67.90,69.90
5,Ávila,Industria,7.60,7.40,8.00,7.10,6.50,7.00,7.80,8.00,8.20,7.70,7.60,7.80,7.40,6.90,6.50,5.60,4.90,4.40,5.40,5.60,5.50,4.80,5.60,5.80,6.20,6.10,6.00,5.70,5.40,5.70,6.90,6.60,5.80,5.70,6.40,6.70,5.50,5.20,5.50,5.90,6.20,5.50,6.00,6.10,8.30,7.90,7.80,8.70,9.70,10.20
6,Badajoz,Industria,24.20,25.60,27.90,28.80,27.60,26.40,24.30,21.20,20.30,20.20,22.10,21.30,22.20,21.40,24.20,24.60,23.80,23.50,22.10,23.80,22.60,21.00,21.50,22.70,23.20,23.00,21.50,23.10,23.80,23.90,24.00,26.30,23.40,22.10,24.00,24.10,22.80,23.00,24.40,24.30,25.60,25.30,26.30,30.20,31.30,29.80,29.70,31.90,30.50,28.50
7,Islas Baleares,Industria,31.40,36.40,37.60,38.30,35.50,36.60,36.20,38.20,42.60,43.90,46.40,40.70,41.10,36.20,33.60,35.80,35.40,36.80,37.70,40.30,37.20,36.10,37.50,34.70,28.70,26.60,29.00,25.60,25.90,25.50,32.40,34.30,32.70,35.60,34.00,35.50,35.00,36.50,39.30,36.60,38.00,34.70,38.20,41.80,36.70,42.20,43.80,39.60,38.50,47.80
8,Barcelona,Industria,438.00,447.30,454.10,464.00,475.30,464.10,456.90,472.00,468.60,464.80,463.60,441.70,426.50,420.30,430.80,431.30,439.00,433.00,442.40,445.30,437.10,417.50,420.90,431.80,416.30,385.90,393.60,405.90,409.50,411.40,411.30,433.40,425.00,434.60,442.20,438.00,439.60,431.40,475.40,475.50,477.60,476.60,482.20,479.70,489.40,521.30,545.90,579.90,602.60,622.20
48,Bizkaia,Industria,75.10,74.20,79.10,78.40,75.10,78.30,80.90,82.80,80.40,85.50,87.20,87.50,91.60,91.70,96.90,89.10,89.10,87.90,73.70,75.20,68.50,73.30,66.50,69.70,72.20,71.90,72.80,76.80,74.80,76.20,76.00,76.80,84.30,75.20,79.70,84.20,82.70,80.70,87.80,88.60,89.90,89.80,90.00,90.00,93.10,89.50,93.50,95.00,97.00,100.00
9,Burgos,Industria,40.60,40.40,39.40,40.80,40.70,38.10,40.70,43.10,44.50,42.30,39.30,38.80,36.60,36.50,38.30,38.00,36.50,37.90,33.90,36.50,36.30,37.50,37.90,39.00,37.30,41.50,36.20,34.70,36.20,33.30,33.60,33.50,34.50,32.10,31.00,32.10,35.90,33.00,36.90,37.60,35.30,35.50,37.20,42.30,36.00,40.20,41.80,43.90,40.40,41.00
10,Cáceres,Industria,16.30,17.10,15.80,15.80,15.40,11.90,11.40,13.10,11.50,10.80,10.50,11.40,13.60,12.80,13.80,13.40,12.80,13.90,12.70,14.80,14.50,14.90,14.80,16.80,15.90,15.70,14.20,13.30,12.50,12.70,13.60,15.50,14.30,15.30,15.80,16.20,15.70,15.60,14.50,13.70,16.10,13.60,12.90,12.60,12.20,12.70,12.50,15.00,19.00,18.00
11,Cádiz,Industria,48.60,49.30,44.30,49.60,45.80,41.80,44.80,36.50,44.60,40.90,40.60,37.60,35.80,38.00,45.20,47.40,40.90,36.70,33.10,32.90,33.50,27.00,28.70,30.80,30.00,31.50,31.40,35.00,35.10,32.10,35.00,34.10,40.30,35.50,38.20,40.40,36.40,40.80,40.50,41.90,38.70,38.70,45.70,41.10,42.40,43.90,44.40,44.70,49.50,47.80
39,Cantabria,Industria,37.90,39.40,39.70,40.60,36.90,36.50,37.90,39.00,38.70,36.90,36.80,34.80,35.10,36.40,39.20,36.90,36.70,35.50,34.50,35.70,34.90,33.90,37.60,36.80,36.10,37.20,37.70,37.10,37.10,36.30,36.30,36.20,39.80,40.20,39.60,42.10,40.50,35.60,37.10,38.10,38.70,41.10,41.20,43.00,44.20,42.60,50.50,51.00,50.80,51.80
12,Castellón/Castelló,Industria,54.30,56.90,57.10,59.40,52.80,55.10,53.50,53.90,49.70,50.90,53.50,57.20,56.60,56.00,55.00,51.50,49.90,48.90,45.40,44.70,45.70,45.50,45.70,47.10,47.60,45.50,49.80,50.50,48.70,46.50,45.00,47.00,45.10,43.40,43.80,44.80,48.70,46.20,48.80,50.50,50.60,47.20,51.30,53.00,55.20,57.40,64.10,69.10,68.00,66.50
13,Ciudad Real ,Industria,26.80,26.60,26.80,25.60,24.30,24.20,25.20,26.40,27.20,27.60,27.80,29.00,26.50,26.80,27.00,26.00,24.90,24.50,22.10,22.00,20.80,22.20,23.90,22.40,23.50,23.20,24.90,25.70,23.40,25.50,28.30,28.50,28.90,24.90,27.10,29.50,25.20,27.70,26.70,28.30,27.80,28.60,31.70,29.60,30.80,31.10,30.70,32.00,30.10,30.50
14,Córdoba,Industria,37.00,40.30,38.00,39.90,43.80,42.60,43.30,39.90,40.10,32.40,28.80,28.30,27.80,28.50,27.40,29.20,29.50,28.10,30.60,32.00,33.90,29.60,30.90,33.70,30.50,27.70,29.90,30.50,27.50,28.00,27.40,30.00,29.70,31.20,34.60,33.60,34.40,32.40,38.00,36.30,35.40,31.90,30.10,31.10,35.60,35.90,38.40,42.20,41.80,38.80
15,La Coruña,Industria,67.40,69.60,69.50,70.50,68.50,68.40,67.10,65.20,69.70,69.30,72.00,72.90,70.80,67.00,66.70,66.60,62.00,59.10,60.20,62.90,63.30,59.80,56.10,59.90,56.80,55.40,55.70,58.20,57.50,58.20,61.70,61.50,64.90,67.70,70.10,71.00,68.80,66.50,64.40,65.10,67.10,67.00,70.00,69.90,75.00,75.80,77.70,80.30,85.00,77.00
16,Cuenca,Industria,10.50,12.70,13.30,13.50,14.10,11.70,10.90,11.00,12.20,13.60,13.30,12.20,11.70,11.80,12.40,12.30,11.50,11.20,11.50,12.20,12.70,11.90,10.80,9.40,9.60,8.90,10.20,8.70,8.90,12.90,12.50,14.10,12.10,12.70,12.30,11.50,11.20,10.90,9.90,10.50,9.90,12.10,12.60,13.30,13.70,13.00,15.00,15.70,16.20,15.50
20,Gipuzkoa,Industria,73.90,70.70,70.80,74.50,74.40,69.50,72.60,76.10,79.60,77.90,80.90,80.80,75.90,73.10,70.10,67.80,67.40,66.70,69.00,72.10,67.30,69.00,68.60,71.40,69.90,70.70,72.20,67.80,70.00,68.80,67.70,71.00,74.50,78.70,77.90,81.80,81.70,84.60,79.60,83.70,86.00,83.40,86.20,85.20,84.40,89.40,95.30,97.40,92.80,96.50
17,Girona,Industria,61.50,67.90,67.30,67.10,67.90,70.80,75.10,75.10,76.80,71.60,71.30,68.60,68.70,61.90,63.10,65.30,65.50,70.50,68.10,64.90,63.90,65.70,64.80,63.10,69.40,68.30,68.40,68.50,65.10,63.50,58.70,55.50,56.90,54.50,55.90,59.20,59.60,61.90,61.50,61.60,60.70,59.80,60.40,56.90,60.80,66.90,72.50,73.70,73.80,74.00
18,Granada,Industria,25.00,27.90,28.20,25.00,27.00,28.40,29.50,28.20,24.40,24.80,25.80,25.10,25.60,25.90,25.10,25.60,26.30,26.50,27.30,26.70,24.20,28.30,23.60,22.90,23.90,23.10,21.80,19.50,23.80,24.00,25.60,21.70,22.40,24.80,27.40,30.70,27.30,25.70,29.60,29.20,30.70,27.90,26.60,27.20,28.20,28.10,30.70,31.30,35.40,33.30
19,Guadalajara,Industria,14.80,16.30,17.30,17.20,18.10,16.90,16.50,15.90,14.70,15.70,16.00,15.80,15.60,17.00,16.30,14.60,15.40,15.30,17.10,16.00,14.70,15.00,15.50,15.80,14.20,14.20,14.40,13.90,16.00,17.50,16.10,15.20,15.60,13.70,13.10,14.70,15.40,18.40,18.10,17.70,18.10,19.90,20.00,17.90,18.10,19.60,18.20,18.90,18.90,18.90
21,Huelva,Industria,19.30,19.50,17.20,15.10,16.30,15.80,16.40,14.80,17.20,20.90,17.20,20.00,19.90,18.80,13.80,16.00,14.80,14.30,16.00,18.80,18.70,16.80,14.40,16.30,15.60,16.20,15.50,15.30,17.90,18.60,18.60,17.30,19.10,17.60,13.70,14.00,12.80,14.00,16.00,15.40,18.90,20.70,19.30,19.50,21.00,19.10,20.10,19.10,20.00,21.80
22,Huesca,Industria,15.00,17.10,14.50,15.50,15.30,13.60,14.40,14.00,14.20,12.20,13.30,12.80,11.90,11.30,12.50,12.70,12.30,13.90,14.90,14.90,14.70,15.50,14.60,13.60,13.20,12.80,12.40,10.40,12.10,11.30,13.00,12.30,12.50,14.40,14.60,13.80,14.70,14.40,14.10,12.70,11.40,14.10,13.70,14.90,16.30,19.40,20.60,23.00,22.80,21.30
23,Jaén,Industria,27.50,31.50,31.50,30.80,29.10,29.80,33.50,29.50,28.90,27.50,27.40,27.80,26.50,26.90,25.90,28.10,25.20,23.30,21.80,25.70,22.50,18.80,21.10,19.70,17.80,19.20,20.10,21.20,22.10,20.70,21.60,22.20,19.20,21.50,23.70,25.80,26.80,25.10,25.70,26.50,27.10,27.40,26.70,26.90,28.40,29.70,32.80,34.20,34.90,37.80
24,León,Industria,23.30,26.10,30.40,30.50,27.60,24.70,25.00,27.70,27.60,28.40,28.00,26.30,27.30,25.80,25.90,24.50,23.80,23.80,24.30,22.90,21.30,23.60,22.40,23.80,21.50,21.80,21.90,21.10,20.40,22.30,24.10,23.00,26.20,24.00,23.20,21.60,21.40,22.30,26.70,28.80,30.30,29.80,30.80,28.60,27.00,25.70,25.40,24.80,26.10,27.90
25,Lleida,Industria,23.90,26.70,25.30,26.70,25.00,24.60,24.30,22.60,23.70,24.00,26.70,28.50,24.80,25.40,29.40,28.40,28.90,27.50,25.40,22.80,24.30,22.50,25.70,24.60,22.70,22.00,25.50,26.30,25.90,26.90,25.20,28.20,26.60,25.20,27.80,27.50,33.40,32.60,27.00,28.00,26.80,30.10,30.10,31.20,33.20,35.00,36.40,38.20,33.00,31.10
27,Lugo,Industria,15.30,16.10,16.70,17.20,16.50,15.90,15.00,14.80,15.90,15.20,16.60,15.20,14.80,14.30,12.60,13.40,14.00,13.50,14.40,13.60,13.60,13.90,13.00,13.90,12.40,11.50,12.20,13.40,14.00,13.50,14.40,16.30,15.40,16.00,16.20,18.90,18.50,15.20,14.90,15.00,15.60,14.70,15.10,18.00,19.10,21.70,21.90,23.50,21.40,20.90
28,Madrid,Industria,262.90,265.50,279.30,285.50,266.90,274.60,258.50,267.30,252.40,250.30,262.00,254.70,259.30,251.30,241.40,228.60,229.50,235.90,241.10,250.60,264.20,268.50,256.10,245.20,223.30,244.30,246.10,242.30,254.50,264.20,280.70,272.00,261.80,270.10,287.10,276.90,268.40,263.20,286.50,263.80,272.80,260.70,287.30,274.00,278.30,298.30,308.70,320.40,328.00,343.50
29,Málaga,Industria,31.70,46.60,45.40,40.20,40.50,39.40,37.80,29.90,31.60,33.20,33.00,34.00,36.60,35.50,32.30,30.80,28.10,27.70,22.70,25.70,27.10,25.30,29.60,26.60,25.20,21.00,23.10,22.00,23.70,23.40,24.70,27.10,25.70,26.10,26.70,23.00,23.10,23.70,24.40,26.00,24.90,23.90,24.30,28.80,29.30,28.20,34.80,40.60,46.50,50.80
30,Murcia,Industria,76.10,84.90,84.40,85.80,85.30,83.50,88.40,81.40,72.80,73.40,71.50,75.50,72.70,68.50,74.70,74.10,75.00,68.40,69.70,64.60,68.80,67.80,72.00,68.30,68.10,68.20,66.40,71.60,65.10,69.20,72.10,71.10,70.70,69.30,70.20,72.20,69.00,66.00,69.60,70.50,67.00,71.40,71.80,71.70,77.30,80.50,86.30,92.70,98.30,101.50
31,Navarra,Industria,71.50,76.70,72.10,77.70,75.10,74.60,78.10,76.30,75.50,71.00,76.50,76.00,76.10,71.40,70.30,68.00,66.00,64.40,65.00,65.30,63.00,64.30,65.90,68.80,65.70,67.20,67.20,67.30,67.10,67.60,66.80,70.70,67.70,69.10,74.40,71.20,70.10,67.10,69.10,71.00,71.40,75.90,77.60,79.40,84.40,82.00,81.70,84.70,80.40,80.50
32,Ourense,Industria,20.10,20.30,18.50,19.50,19.30,17.50,16.50,18.30,18.80,17.10,16.80,17.70,17.60,16.10,17.60,18.30,17.60,18.10,18.20,18.50,18.50,18.20,19.50,17.80,16.50,17.10,16.10,16.40,17.40,18.10,17.90,19.10,20.90,20.50,19.50,20.60,20.20,18.70,17.90,18.40,18.50,18.60,20.70,22.80,26.10,29.50,26.00,25.20,26.50,27.80
34,Palencia,Industria,11.70,12.60,12.80,12.80,12.60,13.20,13.20,14.40,15.10,14.90,16.10,14.20,14.50,13.90,13.90,14.50,13.20,12.60,12.20,10.70,11.60,11.00,10.90,10.70,10.10,11.00,10.30,9.90,10.10,8.90,10.90,11.60,10.90,12.60,11.90,12.40,11.80,11.30,12.50,12.50,12.10,12.40,12.20,12.00,11.90,12.50,13.10,13.30,13.40,14.40
35,Las Palmas,Industria,24.00,21.10,17.80,21.10,22.70,19.40,17.40,20.30,20.20,19.00,17.70,15.70,17.00,15.90,19.30,22.90,23.70,23.60,21.20,20.20,18.60,17.30,15.00,17.70,16.70,21.00,20.20,18.80,21.10,20.40,18.70,21.10,16.70,16.20,14.20,15.40,19.00,21.60,18.00,19.60,19.90,23.40,22.20,26.60,24.50,21.90,29.10,28.50,26.30,28.50
36,Pontevedra,Industria,80.70,84.90,78.70,77.90,73.20,69.70,71.20,68.70,65.10,68.30,67.80,69.80,67.90,67.30,68.60,67.90,64.40,67.10,66.50,69.00,66.60,61.10,66.80,67.60,65.40,66.50,68.10,66.00,63.10,65.40,66.00,65.60,65.40,66.30,68.00,70.30,71.80,71.10,71.20,76.00,73.90,72.40,77.60,78.70,78.80,83.80,84.70,86.00,86.00,90.30
26,La Rioja,Industria,32.10,33.90,34.50,36.90,34.60,33.60,34.20,38.10,36.00,32.20,34.70,30.60,31.60,32.80,32.40,33.70,32.90,32.60,34.40,34.40,34.50,31.50,32.80,33.80,34.00,32.50,33.10,33.60,33.90,31.60,30.90,30.70,29.10,30.00,29.30,31.60,33.60,35.90,34.40,36.30,36.50,32.60,32.00,35.20,36.50,37.50,37.20,40.30,38.40,37.50
37,Salamanca,Industria,15.00,16.00,16.20,14.40,16.50,17.40,18.10,17.10,18.90,15.30,15.00,17.20,17.20,17.00,17.20,18.60,19.30,18.90,17.40,19.70,18.30,15.20,13.10,14.50,14.70,11.40,11.00,10.90,11.40,14.90,15.70,16.70,16.90,15.20,18.00,19.80,16.90,16.80,15.10,15.70,18.50,19.90,23.50,22.50,19.80,19.20,18.20,19.60,18.80,17.00
38,Santa Cruz de Tenerife,Industria,20.00,16.80,19.70,21.40,20.00,21.40,20.80,18.50,18.60,17.70,18.30,18.30,18.00,17.40,19.70,20.80,16.20,15.50,15.90,16.30,17.00,16.60,17.10,15.80,17.50,17.70,19.70,17.70,17.80,20.00,19.10,20.80,20.90,19.50,20.00,21.50,23.00,19.40,22.10,23.40,24.50,22.70,21.60,23.80,25.80,25.80,25.90,30.60,31.20,32.40
40,Segovia,Industria,12.00,12.90,12.80,13.30,13.10,12.20,10.90,11.30,9.90,10.10,9.60,10.20,9.20,9.90,10.50,10.30,10.60,9.20,8.70,9.20,9.00,8.90,8.30,8.80,10.40,9.60,8.80,8.40,8.50,6.90,6.00,6.40,6.20,7.70,8.30,7.80,7.50,8.50,10.00,10.80,11.00,11.00,12.70,13.10,13.20,12.20,12.70,12.50,10.80,10.40
41,Sevilla,Industria,77.30,76.80,77.00,81.50,77.00,76.20,74.80,76.30,73.30,70.00,74.40,78.40,77.80,69.70,70.60,73.40,68.40,60.40,58.90,64.00,66.50,62.60,73.60,67.20,71.30,66.40,64.10,64.90,67.10,62.30,64.50,71.90,78.20,77.00,76.30,80.40,78.70,77.00,76.60,71.00,73.30,74.90,78.90,79.70,77.00,75.20,75.60,80.60,80.40,81.90
42,Soria,Industria,8.80,9.30,9.50,9.30,8.70,9.40,9.00,8.80,8.50,7.50,8.40,8.00,8.20,8.30,8.30,9.00,8.10,7.10,6.30,6.80,7.10,6.70,6.60,7.00,7.40,7.50,7.60,8.20,7.70,7.50,8.70,9.60,9.60,9.40,9.40,9.90,8.60,8.20,8.20,8.00,8.80,8.50,8.80,9.00,9.40,8.90,8.60,8.70,8.90,9.20
43,Tarragona,Industria,59.00,62.20,63.80,61.90,65.70,61.40,63.60,65.20,62.50,59.60,61.20,58.60,57.80,56.50,58.00,52.40,57.20,54.20,53.70,57.30,59.50,57.90,57.00,58.20,53.20,49.60,48.90,47.80,49.90,51.70,52.80,55.50,54.70,57.00,60.10,65.80,64.20,62.10,62.50,58.00,52.70,54.00,57.20,56.30,55.60,55.60,64.90,70.70,74.60,76.30
44,Teruel,Industria,11.90,12.10,11.10,12.20,12.20,11.20,12.30,12.70,12.70,12.00,11.40,12.00,11.00,10.30,11.50,11.50,11.80,11.40,12.30,12.20,12.20,11.50,10.00,9.80,8.70,8.90,9.40,9.20,9.90,10.00,11.20,11.30,10.10,10.80,11.90,11.60,11.40,11.40,10.60,10.80,12.30,12.40,11.00,12.00,12.20,11.70,11.00,11.60,12.10,12.40
45,Toledo,Industria,45.90,46.10,49.50,54.50,55.10,53.90,51.50,53.80,53.40,52.30,52.10,51.00,53.70,49.90,50.00,50.30,48.40,46.80,44.40,48.50,42.50,44.60,40.70,43.90,41.90,39.90,42.50,41.00,43.50,42.90,46.90,50.10,48.00,52.30,51.00,51.00,48.40,47.40,46.60,46.30,43.20,44.80,42.70,44.60,46.50,44.80,50.10,55.90,56.90,58.70
46,Valencia/València,Industria,197.20,202.20,196.30,195.00,185.50,175.80,174.60,179.40,179.00,175.60,187.20,179.20,175.30,167.60,152.30,152.10,156.90,177.40,185.30,185.90,180.50,176.20,165.20,145.90,149.20,137.90,155.50,160.70,148.80,151.10,149.90,149.40,145.50,148.60,152.40,165.70,169.30,169.50,164.30,167.40,169.50,168.00,167.90,179.50,189.20,191.80,203.70,218.00,218.10,223.30
47,Valladolid,Industria,32.30,35.90,39.50,35.30,40.30,40.40,44.60,46.10,45.40,44.90,40.90,40.30,35.80,38.40,40.10,39.70,38.00,36.80,39.20,37.40,36.70,37.50,36.00,35.80,31.40,33.10,32.40,33.60,34.00,33.70,35.70,36.30,37.90,37.40,41.50,35.20,35.00,33.60,32.00,31.70,31.30,32.90,35.20,37.90,37.20,39.10,44.10,45.00,47.30,43.50
49,Zamora,Industria,10.20,10.70,10.60,10.70,10.60,10.20,10.20,9.80,9.50,7.10,6.50,7.70,7.50,6.70,7.00,7.40,7.50,6.90,6.70,6.90,5.60,6.50,6.90,7.60,7.20,7.70,7.80,7.80,7.40,7.40,6.30,5.60,6.20,5.50,7.90,7.40,7.40,7.10,8.20,7.50,9.10,9.70,10.20,10.30,12.20,11.30,10.10,10.60,13.40,11.90
50,Zaragoza,Industria,94.30,95.00,88.30,91.10,89.10,86.30,86.90,87.50,92.40,89.00,87.90,78.90,79.70,82.80,80.30,78.10,79.60,85.10,84.10,86.00,84.20,76.80,73.50,72.80,75.20,69.90,66.70,69.20,67.10,65.80,75.00,74.90,72.30,78.00,79.90,81.50,83.90,80.60,85.90,83.20,82.00,80.70,80.00,80.50,81.80,82.50,90.50,100.10,102.10,103.50
51,Ceuta,Industria,0.90,1.00,0.40,0.50,1.30,1.50,1.50,1.20,0.80,0.70,0.50,0.50,0.50,0.90,0.70,0.40,0.30,0.20,0.30,0.70,0.70,0.80,0.90,1.30,0.90,1.10,1.40,1.60,1.20,0.80,1.00,1.00,0.50,0.30,0.60,0.50,0.30,0.60,0.90,1.10,2.00,1.50,1.30,1.40,1.50,1.50,0.80,1.10,1.10,1.00
52,Melilla,Industria,0.40,0.40,0.50,0.80,0.60,0.70,0.80,1.10,0.80,0.70,0.80,0.40,0.40,0.30,1.30,0.60,0.90,1.00,0.70,0.70,0.60,0.70,0.90,0.40,0.90,0.50,0.90,0.80,0.50,0.80,0.70,0.60,0.30,0.50,0.60,0.70,0.30,0.40,0.30,0.30,0.30,0.40,0.50,0.10,0.50,0.70,0.70,0.80,0.90,0.90
53,Total Nacional,Construcción,1169.00,1277.80,1283.90,1269.90,1276.40,1281.40,1279.90,1240.20,1215.20,1151.90,1143.70,1154.60,1133.60,1081.40,1079.30,1107.20,1077.20,1031.70,1058.50,1082.60,1092.90,1060.60,1030.40,1022.50,979.00,942.10,990.40,1028.10,1034.20,1065.20,1090.10,1149.90,1204.50,1200.80,1290.40,1384.80,1441.00,1499.40,1572.30,1666.80,1698.10,1668.20,1803.10,1850.70,1927.80,1977.60,2182.60,2418.00,2559.40,2679.50
2,Albacete,Construcción,8.90,9.10,9.20,10.20,11.00,12.10,12.60,11.20,11.20,9.40,8.90,8.20,9.50,7.80,7.60,8.90,8.90,8.60,8.40,8.80,7.20,6.10,6.20,5.90,8.10,7.30,9.10,10.20,8.90,10.20,10.90,11.20,10.30,9.80,9.60,9.20,10.30,10.50,10.00,11.70,12.20,13.70,17.20,18.20,18.00,17.70,17.90,17.90,20.80,22.50
3,Alicante/Alacant,Construcción,44.70,52.60,48.90,56.70,57.90,55.00,52.50,54.90,46.00,45.80,48.90,55.90,51.50,48.50,42.40,42.40,48.30,42.20,48.00,42.20,47.80,46.90,41.30,45.70,37.90,35.80,33.20,39.60,39.80,37.80,42.90,38.90,41.90,43.20,52.60,49.40,42.10,52.50,55.20,62.30,61.20,61.70,66.90,67.40,69.20,67.00,78.90,94.40,100.40,113.20
4,Almería,Construcción,15.00,11.10,12.20,13.00,13.40,12.60,14.30,12.80,12.50,12.80,14.30,15.30,13.00,16.70,17.10,20.70,15.50,14.60,12.50,13.60,11.40,11.80,11.90,11.20,10.60,11.70,8.90,9.10,10.80,12.10,9.50,11.00,11.10,11.90,10.40,13.50,14.70,15.10,16.30,20.20,21.20,20.30,25.20,21.10,23.10,25.90,25.00,36.00,43.10,57.30
1,Araba/Álava,Construcción,3.70,6.40,6.90,5.80,5.80,8.40,8.40,7.70,6.40,5.20,5.40,4.90,6.30,4.30,5.20,3.20,2.50,1.90,2.50,3.00,4.70,5.50,7.20,7.00,7.60,6.60,6.00,6.80,6.60,7.50,6.60,6.80,7.20,7.20,8.70,8.70,7.30,6.30,9.10,12.90,13.10,11.90,9.20,11.20,12.60,11.60,12.90,10.80,12.90,14.00
33,Asturias,Construcción,17.70,21.10,25.30,25.70,25.80,24.60,23.70,24.10,23.50,20.20,22.20,22.90,24.00,21.50,21.80,22.10,18.60,17.80,19.50,21.10,19.30,21.80,23.60,21.90,17.40,17.90,19.30,23.40,24.50,27.00,30.30,32.80,32.80,27.90,32.70,37.00,36.60,38.20,36.80,38.50,37.60,36.00,41.10,39.30,39.80,40.50,46.80,52.30,56.80,54.70
5,Ávila,Construcción,6.60,5.90,5.50,5.10,5.80,5.30,4.80,4.50,4.40,4.80,4.70,5.70,4.70,5.10,4.90,4.70,4.90,4.90,4.60,4.90,5.40,5.60,6.00,4.90,5.20,5.40,5.60,5.50,5.20,5.40,5.90,5.80,6.00,5.40,5.80,7.40,6.50,5.70,8.30,10.10,9.00,8.80,10.00,10.10,10.70,9.80,10.20,11.30,11.90,12.40
6,Badajoz,Construcción,10.90,12.90,13.30,13.00,12.90,13.30,11.60,10.50,11.90,13.00,13.50,14.30,13.90,11.00,11.80,15.10,14.70,15.80,13.80,15.00,19.80,18.00,15.20,17.40,17.80,13.20,13.80,13.40,11.60,12.90,13.60,16.30,16.60,18.60,18.60,18.90,23.80,26.10,23.40,24.20,24.80,24.90,24.10,25.70,28.00,27.80,31.20,32.20,35.20,34.30
7,Islas Baleares,Construcción,55.90,64.20,67.30,60.70,64.90,62.10,52.40,45.30,48.80,48.90,49.00,48.10,54.60,55.10,52.90,51.00,49.10,47.20,43.10,41.70,46.90,48.10,42.20,41.60,41.20,38.50,37.20,35.30,38.80,36.70,36.30,46.30,48.70,47.40,44.90,44.40,42.70,45.30,48.00,49.40,58.10,57.20,58.80,60.70,68.30,72.40,72.10,82.30,87.90,83.40
8,Barcelona,Construcción,129.70,144.00,144.60,136.30,122.70,140.10,154.10,152.30,145.30,137.80,143.30,146.10,143.10,134.90,127.30,133.20,128.90,116.20,117.90,117.60,118.70,125.30,131.00,117.00,115.30,113.60,123.90,119.80,114.80,118.10,113.50,122.40,135.20,140.00,156.20,154.60,165.80,179.50,175.10,191.70,198.70,215.80,215.40,224.00,232.10,238.30,257.40,262.30,275.00,277.40
48,Bizkaia,Construcción,31.00,34.30,30.70,30.90,32.80,27.90,28.70,24.50,24.40,22.20,25.50,26.30,27.40,29.20,29.80,32.70,30.10,28.70,29.00,28.70,28.70,28.40,26.20,29.30,27.80,29.10,33.10,32.80,27.80,30.10,29.90,27.00,33.30,32.40,36.20,31.60,38.60,40.70,39.50,41.40,42.40,37.70,40.40,42.70,46.20,49.90,51.80,55.30,56.20,56.30
9,Burgos,Construcción,11.10,11.90,12.70,10.50,8.30,10.20,10.30,11.80,11.00,11.60,12.10,12.10,12.30,12.10,12.70,11.80,11.50,10.20,11.70,11.10,10.20,8.80,9.40,8.80,7.70,8.60,8.50,11.10,10.20,11.40,14.00,13.90,11.90,11.60,11.40,12.00,11.50,10.20,12.80,14.70,15.50,14.20,14.50,12.80,16.60,18.10,19.40,20.50,21.00,20.00
10,Cáceres,Construcción,11.20,11.60,10.90,11.70,11.30,11.10,10.50,9.20,9.70,10.30,9.00,10.30,11.20,9.70,13.00,14.20,13.20,13.10,13.70,12.00,13.20,10.50,10.00,8.70,8.70,7.70,8.60,11.10,10.70,11.00,13.40,12.90,12.40,12.30,14.10,14.90,16.10,16.20,18.50,20.30,18.40,15.60,14.40,16.60,15.70,16.60,19.00,22.10,24.40,24.80
11,Cádiz,Construcción,30.10,31.80,32.60,27.70,30.10,29.80,27.80,26.70,27.20,25.80,22.40,22.60,18.80,19.90,19.10,20.10,21.90,21.50,24.70,20.50,20.50,18.20,17.20,16.60,16.80,19.20,22.90,23.20,19.70,11.90,18.50,18.80,23.40,24.70,26.30,31.70,33.20,33.40,35.20,35.30,37.90,36.20,38.20,36.80,38.40,36.20,47.00,55.90,58.80,63.70
39,Cantabria,Construcción,20.80,20.40,17.20,18.80,17.80,18.80,18.80,18.70,16.30,14.90,14.40,14.20,15.80,14.60,15.70,16.80,18.30,13.70,13.00,13.50,13.10,13.00,13.40,13.60,13.10,12.20,15.30,16.10,15.90,17.50,16.30,18.60,17.20,17.30,19.60,20.10,17.50,21.00,22.20,22.10,25.10,23.10,27.40,27.90,27.70,28.00,29.80,34.20,36.20,38.20
12,Castellón/Castelló,Construcción,15.80,16.80,15.50,17.10,15.90,17.70,19.20,17.70,16.40,15.10,15.10,13.10,12.60,12.50,13.60,14.90,12.20,13.40,14.30,14.40,10.40,10.80,9.30,9.90,10.30,10.60,11.30,13.60,14.20,15.50,16.60,16.70,15.20,14.60,16.70,17.50,17.80,19.30,21.50,22.50,22.10,22.20,23.80,26.20,27.50,32.20,32.10,35.90,39.30,42.70
13,Ciudad Real ,Construcción,14.60,16.20,16.60,14.90,15.00,14.30,17.00,14.90,14.90,14.20,14.70,15.60,14.30,14.90,13.20,14.90,15.20,13.70,14.60,13.80,12.20,10.20,11.60,13.20,11.90,10.10,13.30,15.10,13.80,15.90,16.60,17.40,15.00,16.20,19.20,22.20,23.10,24.80,26.20,26.20,26.40,24.50,26.30,27.40,26.20,28.00,33.30,36.30,38.50,38.30
14,Córdoba,Construcción,16.00,12.60,13.70,13.80,14.70,15.60,14.80,15.90,15.20,16.30,13.30,13.40,13.80,13.30,13.80,13.20,14.60,13.70,13.20,14.30,14.80,12.60,13.50,12.10,13.30,13.30,13.50,15.20,16.40,14.70,14.50,14.60,17.00,19.20,22.30,22.80,19.90,18.30,19.10,23.80,22.40,20.50,23.40,25.90,26.40,23.50,30.10,36.40,39.80,43.50
15,La Coruña,Construcción,33.50,35.40,33.20,32.20,27.60,26.70,26.30,28.90,30.40,28.70,29.30,30.20,28.90,27.30,30.60,29.60,29.00,30.30,30.80,31.50,32.30,31.60,30.50,29.50,28.20,27.50,27.40,26.90,28.80,30.70,31.20,35.40,35.60,33.30,33.40,35.40,39.40,41.50,43.40,47.70,48.00,49.50,52.30,51.20,55.60,52.90,54.90,58.00,57.20,59.90
16,Cuenca,Construcción,6.20,6.30,6.20,6.50,6.20,6.20,5.20,4.70,5.70,6.10,6.80,5.80,5.10,5.90,6.80,6.20,5.80,5.40,5.20,4.90,4.80,4.00,4.20,4.60,6.10,5.30,6.20,6.30,5.40,4.90,5.90,5.80,5.90,6.60,6.90,8.10,9.40,7.30,8.40,8.40,8.40,9.10,9.50,11.10,11.10,11.60,12.20,13.30,13.80,14.30
20,Gipuzkoa,Construcción,15.30,14.50,13.80,15.60,15.90,17.10,19.10,18.30,19.60,16.70,15.80,16.20,16.30,14.40,16.00,14.40,15.30,17.20,16.20,16.50,15.10,13.30,12.90,14.10,15.90,16.60,18.20,18.90,20.30,19.10,16.60,17.00,21.00,18.60,25.00,24.20,20.30,17.60,18.90,19.80,21.30,21.50,20.60,19.30,24.70,24.40,23.60,25.90,23.90,28.70
17,Girona,Construcción,23.10,26.10,26.30,25.60,28.10,25.20,23.00,23.10,23.50,24.40,24.60,27.50,27.40,24.30,22.70,23.30,22.30,18.00,18.80,19.90,21.60,23.00,20.80,24.80,24.00,19.80,21.50,23.50,25.50,25.30,24.40,25.70,26.50,27.50,26.40,32.00,37.00,32.70,34.70,36.90,38.70,33.30,36.00,41.20,44.10,44.20,46.80,51.50,59.40,57.10
18,Granada,Construcción,22.40,24.20,26.10,26.80,26.80,24.80,21.50,22.90,21.40,18.80,17.50,20.20,18.00,17.60,15.10,15.90,16.00,15.50,17.20,19.10,16.60,13.80,15.40,13.70,13.50,11.20,10.00,12.50,15.60,11.90,13.10,14.80,16.50,20.10,21.20,21.40,23.70,22.10,24.60,23.10,20.80,23.10,26.10,31.10,31.40,33.70,41.50,52.20,51.10,57.70
19,Guadalajara,Construcción,5.60,9.00,10.30,11.20,11.40,10.60,10.30,11.60,10.60,8.80,6.90,6.00,5.70,5.50,6.90,8.20,8.00,9.00,7.20,6.10,5.60,5.40,6.80,6.30,5.10,3.90,4.00,4.20,5.70,5.10,6.30,7.70,8.60,9.70,8.70,10.00,9.60,9.70,10.00,10.40,9.80,7.60,9.10,11.20,10.60,12.00,12.90,14.10,13.40,12.40
21,Huelva,Construcción,7.70,7.70,12.60,12.40,12.40,12.20,13.00,9.80,9.10,9.60,9.20,9.40,10.30,12.70,12.30,14.10,11.20,7.80,8.30,10.00,9.20,11.60,9.70,11.30,9.10,5.60,7.30,7.90,6.00,7.10,7.10,7.40,10.20,9.40,13.50,14.10,13.40,12.30,13.80,14.40,16.10,13.50,16.30,18.80,17.80,17.70,21.90,25.80,26.30,27.60
22,Huesca,Construcción,8.60,7.30,8.00,8.60,6.30,5.90,6.60,5.50,4.10,4.00,3.90,4.10,4.40,4.90,6.50,6.60,6.90,6.80,7.50,7.10,8.70,7.60,7.10,6.80,6.00,5.80,6.40,7.80,7.00,6.70,7.00,6.50,7.80,6.30,7.70,8.20,8.60,9.30,8.90,11.90,11.10,9.50,10.70,10.50,12.00,9.90,11.80,12.40,14.10,13.50
23,Jaén,Construcción,10.10,10.30,12.00,13.90,13.00,10.30,10.50,12.80,11.00,10.20,10.50,11.80,10.80,8.30,12.30,13.10,13.80,9.20,9.50,9.50,9.40,8.90,8.60,9.90,11.50,7.70,10.10,10.20,11.20,9.90,13.40,13.20,13.10,14.00,16.90,18.10,16.80,17.10,20.40,21.60,18.50,15.90,21.20,22.40,21.50,23.10,28.70,30.60,31.40,31.20
24,León,Construcción,7.30,7.30,8.10,9.10,10.40,12.10,12.90,12.30,11.60,12.60,11.40,10.90,9.30,10.10,11.30,10.40,10.30,11.90,11.60,11.70,13.40,11.10,11.10,12.00,11.60,11.50,10.30,12.40,12.80,12.10,14.40,14.60,14.60,13.90,14.60,16.70,14.20,12.40,16.20,17.20,17.80,17.30,21.40,22.30,21.20,21.20,22.20,23.90,22.60,22.40
25,Lleida,Construcción,12.80,15.80,15.00,11.80,13.40,13.70,16.70,16.00,16.20,14.50,17.20,15.40,13.60,15.10,14.40,14.10,15.60,17.20,17.70,18.50,18.30,14.20,16.90,14.60,16.00,17.10,15.20,15.30,12.70,13.80,14.60,12.70,15.50,14.60,17.20,19.60,22.10,18.30,20.10,19.50,17.60,19.10,22.50,23.50,31.60,22.70,26.60,28.10,28.90,33.50
27,Lugo,Construcción,6.90,7.50,7.70,7.50,7.90,8.50,9.70,8.30,7.80,8.70,7.40,8.20,9.00,10.20,10.30,11.10,11.70,12.60,11.30,10.30,9.60,8.40,7.40,6.70,6.20,6.50,7.70,7.70,8.00,8.30,8.60,8.80,9.90,11.80,14.50,14.40,14.50,15.00,15.90,14.70,13.40,13.60,14.20,14.40,10.70,13.60,14.80,17.20,18.40,17.70
28,Madrid,Construcción,180.90,206.20,196.90,189.80,196.40,204.10,189.60,180.10,172.00,161.40,154.00,151.20,151.90,134.70,141.60,143.50,132.70,132.40,134.10,162.10,164.00,153.00,135.30,149.60,129.00,127.70,135.30,137.40,133.70,141.90,129.70,144.10,147.30,133.10,138.40,173.00,194.40,203.60,197.90,208.20,210.70,190.80,232.40,242.40,269.60,254.40,282.40,316.20,325.10,331.40
29,Málaga,Construcción,47.50,49.60,50.10,56.60,60.10,62.70,60.00,51.60,52.70,50.60,41.30,43.00,42.30,41.90,39.40,40.20,39.80,32.00,34.90,34.40,35.10,35.00,33.20,31.10,28.80,29.70,27.10,30.40,29.20,29.20,28.80,30.00,32.60,38.60,41.20,41.70,50.40,49.50,54.70,59.50,59.60,62.20,60.10,59.30,60.80,66.20,75.00,84.00,90.90,96.10
30,Murcia,Construcción,37.10,37.60,42.00,43.70,45.10,41.30,38.50,37.60,36.20,31.10,34.20,31.50,32.70,36.00,29.10,27.40,23.90,27.70,27.00,25.80,28.30,30.20,30.30,27.70,28.50,23.60,24.70,25.60,28.00,33.60,33.70,35.10,32.80,32.80,31.40,42.20,45.00,48.60,52.10,58.70,60.40,51.40,54.20,53.20,55.70,64.60,71.50,80.70,90.00,106.40
31,Navarra,Construcción,15.00,14.00,13.10,17.30,17.70,16.50,16.50,17.90,18.90,17.90,17.10,15.50,14.00,12.80,11.40,11.50,12.20,14.00,16.80,18.60,16.80,15.30,15.00,14.80,13.60,12.70,13.80,15.60,14.00,14.00,18.20,18.10,17.90,18.10,20.10,24.20,20.80,23.60,22.60,21.50,24.20,21.90,24.90,22.90,24.70,27.10,28.90,29.90,36.40,35.50
32,Ourense,Construcción,7.70,8.40,8.00,8.00,7.20,7.30,7.50,8.90,9.00,8.20,7.60,6.60,7.10,6.20,7.30,7.60,7.50,7.80,10.10,10.20,11.10,8.50,8.20,8.60,8.50,8.60,7.60,7.90,7.70,8.00,9.20,10.90,10.90,10.90,11.20,11.80,12.40,12.20,13.00,13.60,12.10,12.20,12.00,12.20,11.40,9.00,11.20,12.60,16.50,14.60
34,Palencia,Construcción,4.70,4.40,3.80,4.40,4.20,4.10,3.10,3.20,3.70,3.30,3.30,3.10,3.20,3.70,4.20,4.60,4.60,3.30,4.60,5.40,3.60,2.90,3.90,4.20,3.80,3.80,3.90,4.20,3.80,3.40,4.30,5.00,5.50,5.30,5.70,5.00,4.70,4.30,4.80,6.30,5.70,5.80,6.20,6.30,6.20,5.60,6.60,6.50,7.10,7.80
35,Las Palmas,Construcción,21.30,26.80,28.00,26.50,25.20,21.50,21.10,21.60,19.60,18.70,20.70,20.30,20.80,18.10,19.20,21.00,19.30,16.70,19.20,20.80,19.00,18.50,17.10,17.80,19.50,17.40,20.00,19.40,24.90,25.30,25.80,20.60,18.50,20.60,24.10,27.80,21.50,26.50,33.50,31.90,30.30,35.60,36.90,38.60,32.20,32.20,38.00,45.30,46.20,59.30
36,Pontevedra,Construcción,23.70,25.20,25.50,26.00,24.40,22.50,23.60,21.50,21.60,20.20,21.40,21.50,22.90,22.40,22.00,23.70,23.60,22.70,23.20,20.80,22.50,22.30,21.50,23.50,24.30,22.70,24.40,24.70,25.20,26.00,26.20,26.40,24.20,24.10,27.40,28.80,26.90,26.30,28.90,30.90,29.60,33.00,38.70,41.20,38.60,37.20,40.70,44.70,49.20,49.40
26,La Rioja,Construcción,7.70,7.20,8.00,8.60,8.60,8.60,8.40,7.00,6.80,6.70,7.40,6.20,6.40,5.50,6.10,6.50,4.80,5.80,7.20,8.20,6.80,8.50,8.70,8.90,7.40,6.70,6.90,7.10,7.90,9.40,10.40,11.20,12.70,12.50,11.70,15.90,12.90,13.10,14.30,13.00,13.90,14.90,15.80,14.50,15.50,14.80,16.60,17.60,17.30,17.80
37,Salamanca,Construcción,5.90,8.40,8.60,9.00,8.00,8.30,9.00,8.70,9.50,9.00,10.00,7.90,7.00,6.50,6.30,6.60,7.90,8.00,9.60,8.50,8.10,5.70,6.90,6.80,7.00,6.80,9.10,8.50,5.20,6.10,8.10,7.80,10.40,10.40,11.30,12.50,11.30,10.10,9.50,10.10,10.20,9.90,11.20,17.10,14.70,17.50,17.10,16.20,14.40,13.30
38,Santa Cruz de Tenerife,Construcción,25.00,22.50,21.30,21.40,24.50,26.40,26.30,30.60,30.60,28.30,25.70,26.80,25.50,21.50,24.40,21.10,19.20,20.00,19.90,23.40,21.10,21.20,21.00,19.90,17.50,17.10,15.90,17.20,21.30,20.40,20.60,21.90,23.10,23.50,24.40,22.00,25.20,34.10,33.00,34.70,35.80,36.20,36.60,35.50,35.60,41.20,49.50,54.50,62.40,63.00
40,Segovia,Construcción,4.40,4.80,5.10,5.30,4.90,4.20,4.60,5.20,6.00,6.60,6.00,6.20,7.00,7.00,6.20,5.80,6.60,5.80,6.00,5.70,6.20,4.80,4.70,5.50,5.20,4.70,3.90,4.20,4.60,5.00,6.00,6.80,6.80,6.60,6.90,6.40,6.90,7.60,7.00,7.90,7.30,7.50,6.40,6.20,7.50,7.90,9.50,12.50,9.60,11.90
41,Sevilla,Construcción,43.60,40.80,40.60,44.00,42.80,37.00,43.80,41.60,42.70,39.00,38.30,33.00,29.90,32.00,32.70,33.50,32.80,33.20,34.80,29.50,32.90,33.50,30.40,32.80,30.40,29.30,30.80,31.50,29.70,32.90,30.90,35.10,42.40,43.50,39.60,44.30,48.80,51.00,51.30,49.10,56.70,56.30,55.20,57.50,66.00,69.90,73.70,87.50,99.90,103.90
42,Soria,Construcción,2.00,2.30,2.30,2.40,2.10,2.40,2.80,2.60,3.00,3.10,3.70,3.00,2.60,2.60,3.10,2.30,1.90,2.10,3.10,3.00,3.20,3.50,2.90,2.50,2.40,2.20,2.40,2.70,2.80,2.30,3.10,3.60,3.50,3.00,4.00,4.00,3.90,3.80,3.90,4.30,4.30,4.60,5.20,5.50,4.30,4.70,5.30,4.90,5.00,5.50
43,Tarragona,Construcción,18.70,20.50,20.10,17.40,17.90,20.90,23.30,24.80,26.40,28.80,26.70,26.70,23.90,24.00,21.00,20.90,19.90,22.00,23.40,23.50,26.00,25.70,23.20,22.50,22.10,26.10,26.30,27.80,27.20,25.50,27.10,29.20,30.80,30.30,31.40,28.40,31.90,32.50,34.80,35.50,38.20,36.90,36.00,41.90,45.90,47.60,47.30,52.10,57.30,64.40
44,Teruel,Construcción,4.30,4.90,5.60,5.00,4.70,3.80,3.60,3.30,2.70,3.10,4.40,5.10,5.20,5.70,5.50,6.40,5.10,5.30,6.00,5.50,5.90,5.20,5.20,4.70,4.10,4.50,4.10,5.20,5.60,4.90,5.50,5.40,5.10,5.10,5.30,5.90,6.00,6.50,6.70,7.30,7.80,6.40,6.80,7.00,7.30,8.40,9.40,10.20,9.80,9.70
45,Toledo,Construcción,20.20,27.50,28.30,24.90,25.00,24.80,26.60,25.10,27.20,22.80,23.90,26.40,21.40,21.10,20.30,20.70,22.40,19.10,19.70,20.90,21.70,18.60,16.60,15.10,16.20,19.20,17.20,16.60,18.90,21.20,22.00,20.70,22.40,21.10,25.50,29.30,27.50,28.60,33.20,34.70,34.10,36.10,40.90,36.20,36.90,43.30,48.30,54.60,55.80,55.70
46,Valencia/València,Construcción,53.80,65.40,64.00,59.20,63.20,69.80,68.70,64.50,65.20,56.50,59.40,61.70,63.10,54.00,55.80,59.90,59.00,58.50,56.00,58.30,54.10,54.70,62.40,50.60,51.60,43.20,51.50,48.40,55.30,60.50,58.60,66.30,66.00,68.70,71.50,72.10,80.40,82.40,92.80,93.10,95.70,95.60,115.10,112.50,107.00,122.90,141.80,160.80,161.10,169.80
47,Valladolid,Construcción,15.20,15.20,15.70,13.00,13.50,10.60,11.10,11.40,11.00,12.60,10.50,13.30,11.80,12.20,10.50,9.30,11.70,8.40,10.80,10.30,12.20,10.90,8.70,9.00,9.70,11.90,12.40,14.70,16.90,17.20,16.50,14.30,14.80,12.70,10.70,13.30,17.30,19.00,22.40,22.10,21.30,20.50,17.50,18.00,17.20,19.90,22.80,23.40,24.20,26.50
49,Zamora,Construcción,4.10,5.50,5.80,5.80,6.80,5.10,6.50,6.30,5.70,4.90,6.40,7.10,5.90,5.40,6.30,5.50,5.40,5.00,5.60,5.40,5.30,6.10,5.60,6.50,5.60,6.20,5.30,4.70,4.70,5.30,5.70,6.80,7.30,8.00,7.80,7.10,7.60,7.50,7.10,8.70,8.00,7.90,7.90,6.70,7.50,7.40,9.50,9.80,8.20,9.50
50,Zaragoza,Construcción,21.40,24.80,26.30,26.60,26.00,25.00,26.60,27.60,25.80,25.90,22.20,21.70,21.70,18.80,18.20,20.10,20.80,21.90,18.70,19.50,18.70,20.50,20.20,19.70,19.10,17.60,19.20,17.80,17.80,20.90,24.70,26.90,25.80,24.00,26.30,28.50,26.10,26.30,32.70,37.50,40.60,41.40,42.90,42.00,41.00,41.50,41.50,42.00,50.70,52.10
51,Ceuta,Construcción,0.60,0.60,0.80,0.90,0.90,0.90,1.10,1.00,1.40,0.80,1.10,0.80,0.70,0.80,1.00,1.20,1.30,1.40,1.20,1.20,1.00,1.00,1.40,0.90,0.10,0.20,0.50,0.60,0.40,0.60,1.40,0.80,0.90,1.60,2.00,1.20,1.70,2.00,2.30,3.30,1.60,1.20,1.30,1.50,2.00,1.60,1.80,1.50,1.90,1.90
52,Melilla,Construcción,1.00,1.00,1.50,1.20,1.20,1.20,1.00,1.20,1.30,1.40,1.20,1.10,1.00,1.10,0.90,0.70,0.50,0.60,0.70,0.30,0.10,0.70,1.10,0.80,0.50,0.80,0.70,1.00,1.10,1.10,1.70,1.80,2.40,0.90,1.10,1.10,0.90,1.70,1.40,2.10,2.10,2.50,2.40,1.70,1.60,1.90,1.20,1.20,1.60,1.30
53,Total Nacional,Servicios,14032.50,14849.40,15125.40,15042.40,14954.70,14641.60,14750.80,14793.80,14583.60,14212.20,14322.70,14446.90,14210.60,13938.20,14032.90,14145.20,13966.50,13739.20,13792.50,13737.60,13527.40,13235.70,13371.00,13388.20,13279.40,12900.80,13026.80,13157.50,13015.60,12870.00,13036.40,13306.90,13342.00,13291.50,13475.60,13762.60,13822.20,13569.90,13644.70,13759.10,13623.50,13519.10,13590.20,13755.10,13606.60,13533.80,13981.00,14108.60,13972.60,13717.60
2,Albacete,Servicios,98.60,100.30,101.80,98.20,95.60,100.00,108.50,110.80,107.90,102.40,112.70,109.30,104.50,100.20,98.80,97.90,100.60,101.80,108.00,105.80,104.00,100.30,98.30,93.40,94.90,94.70,92.60,95.80,95.40,89.00,84.50,87.40,94.00,99.70,104.40,103.10,106.30,103.20,108.30,104.60,98.00,97.70,95.50,102.30,99.70,103.00,106.00,112.90,108.60,106.00
3,Alicante/Alacant,Servicios,545.10,566.30,593.00,585.60,572.30,533.40,542.50,570.40,555.40,530.10,538.30,541.10,525.70,528.70,555.30,578.40,549.30,524.60,529.90,521.30,494.40,481.40,491.40,501.80,505.40,483.60,487.70,510.10,487.20,461.50,450.40,469.40,466.50,443.40,470.30,484.60,506.80,486.90,496.00,495.90,501.00,513.00,521.50,536.30,524.80,505.40,542.60,531.20,519.30,508.70
4,Almería,Servicios,164.70,191.30,182.90,183.70,192.30,188.00,178.60,166.00,166.20,159.80,155.30,150.30,161.00,158.20,151.30,153.20,157.30,156.40,158.80,154.40,175.00,174.50,165.90,164.90,172.60,179.60,174.30,161.20,176.60,168.00,158.00,155.30,161.70,160.00,159.50,157.60,150.70,170.70,171.60,168.90,173.50,175.30,172.70,162.90,172.60,178.70,180.70,169.90,161.70,158.70
1,Araba/Álava,Servicios,91.30,93.30,92.20,89.60,97.10,98.60,94.40,91.00,87.20,87.30,92.00,85.90,82.90,84.90,86.50,88.00,84.80,91.40,90.20,83.60,85.70,87.50,89.10,87.60,92.20,90.10,87.90,88.00,93.00,88.80,89.60,95.20,93.40,88.70,94.80,95.10,91.10,88.90,87.90,88.20,90.50,89.80,89.30,88.90,91.60,93.60,95.30,98.50,90.30,86.10
33,Asturias,Servicios,287.80,300.10,304.00,294.50,290.90,289.20,294.30,297.90,295.40,295.20,293.10,298.80,301.60,297.20,295.70,300.60,292.10,291.80,290.90,296.20,279.90,279.20,277.90,284.60,280.40,278.60,283.00,274.10,269.70,269.00,271.10,277.10,281.80,283.30,291.50,293.50,298.20,286.30,296.30,307.50,297.10,297.00,299.40,308.70,308.40,313.00,312.00,318.50,314.10,303.00
5,Ávila,Servicios,40.90,44.20,44.30,44.30,42.60,39.40,43.20,43.30,42.70,43.10,42.40,47.10,45.80,44.90,46.90,46.40,44.80,41.30,42.50,43.90,41.00,37.70,38.20,40.30,38.40,38.30,41.00,43.90,39.90,38.20,39.70,41.40,39.50,38.50,40.80,41.40,40.70,37.20,37.60,37.30,35.50,35.30,36.40,38.70,37.60,38.60,39.90,41.20,40.70,41.80
6,Badajoz,Servicios,164.10,169.10,168.20,175.60,170.80,168.70,169.00,169.00,161.10,157.10,156.70,159.80,163.00,157.30,156.30,161.50,167.40,165.90,160.20,160.20,148.10,156.90,157.70,155.20,148.90,151.10,155.80,155.70,154.60,154.00,152.10,152.30,142.70,153.20,153.50,168.20,172.30,167.80,171.50,171.90,166.80,164.30,165.30,166.00,164.50,163.00,165.40,170.90,165.60,171.80
7,Islas Baleares,Servicios,420.20,397.50,461.00,516.70,470.50,410.10,460.10,529.20,473.10,386.60,419.50,492.40,454.60,394.60,421.30,481.90,458.40,401.20,416.40,467.60,436.30,365.70,394.40,451.30,425.90,346.90,383.20,455.90,426.50,363.60,382.70,429.20,403.30,338.60,351.30,422.70,395.60,343.00,365.80,424.30,391.60,350.60,366.40,413.50,379.70,331.80,379.60,411.10,395.40,349.60
8,Barcelona,Servicios,1811.10,1957.90,1964.00,1935.20,1934.80,1926.30,1904.80,1864.90,1864.80,1852.80,1853.20,1848.60,1839.40,1834.10,1820.00,1813.20,1789.40,1763.30,1728.00,1708.80,1696.30,1674.80,1687.40,1684.40,1695.80,1692.00,1686.70,1644.80,1613.70,1626.30,1648.90,1649.90,1680.10,1692.60,1715.20,1758.30,1789.50,1754.70,1734.30,1727.10,1704.50,1671.10,1694.40,1711.50,1679.40,1682.00,1765.70,1786.90,1801.70,1755.70
48,Bizkaia,Servicios,352.60,364.50,366.90,365.40,375.50,368.60,366.00,362.70,366.60,354.40,355.30,352.90,346.20,344.00,335.50,339.90,338.70,335.70,349.50,341.00,342.20,345.10,354.70,345.20,349.60,331.80,342.90,334.80,347.00,345.70,361.00,351.70,347.20,361.20,365.60,370.10,365.20,368.60,367.30,365.30,369.10,356.10,344.10,345.60,347.10,348.00,354.40,361.00,364.40,344.40
9,Burgos,Servicios,82.30,94.30,95.50,94.60,92.80,94.90,96.50,92.80,96.90,93.40,92.10,97.90,99.50,98.50,102.60,107.10,105.80,95.80,90.90,90.40,88.00,91.30,94.40,96.00,99.90,93.40,93.50,93.00,88.20,89.70,94.40,100.80,99.60,97.70,99.80,104.70,98.90,96.10,94.10,97.70,98.30,100.10,96.80,96.80,97.80,100.20,100.20,102.20,100.60,103.80
10,Cáceres,Servicios,100.90,100.00,103.40,104.50,104.10,106.30,104.00,110.60,111.40,107.70,106.10,104.40,102.20,101.90,99.80,102.60,99.80,94.40,99.20,96.80,98.40,92.10,98.20,102.60,99.20,96.60,93.00,93.10,91.20,85.00,85.50,83.30,82.30,84.00,90.00,97.60,96.90,97.80,95.40,92.80,97.70,96.30,99.50,100.50,95.00,95.40,97.80,98.00,95.50,90.30
11,Cádiz,Servicios,321.40,319.80,328.60,348.60,342.70,321.80,321.80,347.30,330.50,307.70,321.80,348.80,332.70,312.40,307.10,326.20,309.10,296.70,302.30,313.40,305.80,285.20,281.50,293.70,286.20,275.30,279.90,303.00,282.40,282.80,287.70,319.80,302.50,289.00,299.00,323.10,310.30,298.90,304.60,322.40,315.50,305.30,310.10,324.60,320.40,316.20,326.40,336.10,328.40,323.00
39,Cantabria,Servicios,154.90,171.20,181.00,181.60,181.90,176.00,178.00,182.80,178.70,177.00,178.60,182.70,178.80,177.50,180.00,181.70,171.60,164.30,170.40,176.20,170.70,173.40,168.90,173.10,169.50,163.60,164.60,165.00,154.10,159.30,171.20,175.70,169.00,169.10,173.20,177.60,176.50,169.90,173.70,178.60,175.10,168.30,167.90,173.20,170.00,171.80,171.00,172.80,166.00,164.30
12,Castellón/Castelló,Servicios,154.20,157.80,158.20,156.80,150.40,149.40,149.90,151.30,156.00,151.40,154.40,147.10,138.90,134.80,145.90,141.00,140.50,138.60,148.60,149.00,146.80,141.00,146.20,135.50,138.30,138.50,137.20,136.30,125.80,129.20,140.90,138.10,142.20,142.00,146.90,149.50,143.60,149.00,150.10,150.50,147.10,154.40,159.80,157.10,156.50,154.50,159.10,156.30,160.50,161.20
13,Ciudad Real ,Servicios,121.30,125.70,127.70,132.10,134.30,136.00,132.00,127.10,120.70,121.20,121.20,117.10,116.50,116.40,119.10,121.20,119.60,113.60,116.60,115.20,115.50,110.70,111.20,116.30,114.90,112.00,112.50,114.20,109.40,106.40,105.70,107.70,105.00,112.20,119.60,119.20,126.50,124.10,123.80,123.70,122.20,121.20,119.50,121.30,120.70,117.60,120.40,120.90,126.00,121.00
14,Córdoba,Servicios,184.00,192.40,201.80,205.70,201.00,192.60,192.70,192.60,195.60,192.80,199.70,202.30,202.30,194.10,197.90,198.60,199.90,190.90,188.60,192.30,193.90,188.80,178.10,171.70,173.50,171.90,168.30,171.80,186.90,179.40,175.80,172.00,182.50,179.20,178.50,178.90,182.20,181.50,183.30,179.40,188.10,193.40,195.10,198.30,190.00,187.80,196.50,201.00,197.40,196.60
15,La Coruña,Servicios,327.30,336.30,350.70,350.90,361.10,359.10,353.40,356.50,339.00,329.20,327.20,330.40,329.50,325.60,332.50,332.60,333.70,331.60,334.50,331.00,320.10,317.90,325.40,328.00,322.80,316.10,323.80,321.60,323.40,324.40,327.10,332.90,322.90,330.40,332.30,325.60,327.60,330.00,332.00,331.70,322.40,327.70,337.20,334.60,330.10,339.40,340.70,338.10,322.70,313.90
16,Cuenca,Servicios,49.10,50.50,54.40,56.50,55.20,56.70,56.50,53.70,49.40,48.70,47.80,50.70,47.70,49.60,49.60,50.90,49.70,51.40,47.90,42.80,40.90,41.50,40.30,42.10,42.10,41.60,42.40,41.10,43.10,40.10,42.20,46.70,45.90,43.80,46.10,43.10,45.20,46.00,51.40,51.80,48.30,45.60,48.60,49.90,46.60,44.50,47.10,47.30,47.30,45.40
20,Gipuzkoa,Servicios,210.30,221.50,222.70,215.90,217.70,219.10,211.80,206.60,213.20,211.90,204.50,197.00,201.70,198.10,204.50,218.00,219.40,213.40,210.60,201.40,199.90,199.00,200.30,193.70,188.40,190.20,191.50,187.30,192.50,194.20,197.60,198.30,205.40,208.10,210.70,208.40,212.00,211.90,212.70,211.30,205.20,209.20,211.80,209.40,205.40,198.00,206.50,216.90,216.20,209.40
17,Girona,Servicios,233.60,245.70,253.50,265.70,248.60,231.00,236.60,250.60,233.50,214.40,222.30,238.20,227.90,211.80,221.40,229.10,216.50,209.70,205.60,221.90,217.50,208.10,210.70,221.40,206.50,195.00,201.70,221.10,207.50,197.40,206.20,222.90,209.20,203.40,207.50,223.30,212.70,206.10,218.80,233.60,220.20,212.20,206.00,222.60,213.80,205.10,214.00,223.10,219.10,212.30
18,Granada,Servicios,220.10,246.40,255.50,253.70,249.80,241.00,247.30,258.50,252.50,250.50,251.40,250.40,258.80,254.60,251.60,243.80,238.00,242.30,238.70,240.60,239.90,230.90,227.30,227.70,224.00,213.10,222.40,225.10,217.80,217.90,215.70,224.90,226.10,221.90,227.70,238.80,236.20,238.60,227.40,223.30,226.80,224.30,227.30,226.10,227.50,221.20,217.70,228.80,232.30,228.70
19,Guadalajara,Servicios,85.80,91.90,94.00,94.30,95.90,95.20,95.90,93.80,91.20,87.40,92.00,87.80,85.70,83.30,84.90,83.20,85.40,84.20,84.50,85.60,85.10,84.90,78.50,79.80,79.30,80.90,80.50,80.70,79.40,77.60,78.20,79.20,76.90,79.20,77.80,77.00,74.50,76.40,72.30,76.20,76.60,72.60,76.00,74.30,73.10,75.10,75.80,73.00,72.90,75.40
21,Huelva,Servicios,129.90,129.30,129.80,133.40,128.40,121.50,111.00,122.60,125.80,121.60,122.70,123.00,122.20,114.90,109.20,111.90,113.40,106.40,110.80,118.20,114.70,106.20,96.40,105.50,111.50,104.20,110.30,113.50,104.40,99.60,105.20,121.70,112.80,115.10,112.90,121.30,127.40,116.80,117.90,130.20,126.50,121.40,126.90,131.40,126.80,118.80,123.00,129.80,129.30,121.10
22,Huesca,Servicios,57.50,59.40,62.80,63.90,64.20,65.30,63.30,66.60,64.00,64.60,67.50,69.70,62.50,63.70,62.50,65.50,60.50,58.40,58.50,59.90,59.30,55.90,57.50,62.00,58.20,55.30,56.10,60.70,57.40,61.10,62.80,65.90,63.40,63.60,61.40,65.50,59.90,57.70,59.80,56.90,59.40,64.30,66.90,63.70,62.90,61.40,66.60,67.10,61.50,61.50
23,Jaén,Servicios,129.30,142.00,143.20,145.20,147.10,146.20,146.30,152.40,152.70,147.00,146.50,150.50,142.10,139.60,133.00,133.00,130.80,137.40,139.90,141.70,148.30,141.50,140.20,145.30,142.50,127.90,132.20,137.00,136.30,132.90,134.40,136.90,139.00,136.60,143.50,142.20,140.10,144.70,145.30,146.80,142.50,140.90,141.50,147.20,149.60,145.90,150.30,150.50,146.90,141.40
24,León,Servicios,122.10,129.10,133.00,135.00,137.10,129.80,134.20,134.20,131.30,124.00,121.80,125.70,128.40,122.30,121.70,130.10,123.60,119.10,118.80,122.60,121.40,116.00,122.20,121.90,117.40,113.30,115.50,119.20,120.40,119.60,117.70,122.90,123.90,125.90,135.90,137.30,137.00,132.70,128.80,133.00,130.30,126.70,126.70,128.00,132.20,129.60,136.40,136.30,129.70,133.50
25,Lleida,Servicios,133.30,143.60,146.40,144.30,141.00,136.30,135.50,130.50,126.20,125.90,126.30,123.50,122.50,125.00,126.70,128.20,126.50,126.00,130.30,134.20,127.10,127.90,130.40,132.70,130.20,122.20,129.10,128.30,121.80,121.00,122.50,127.20,120.90,120.10,119.90,123.20,123.80,121.80,116.10,115.80,121.20,121.80,123.70,121.60,117.60,127.00,125.00,130.20,126.80,125.00
27,Lugo,Servicios,88.10,91.40,92.70,92.10,89.60,89.40,92.80,96.60,93.60,92.20,90.70,92.70,89.70,85.10,86.20,88.00,88.10,86.50,88.90,89.80,86.00,84.70,87.50,85.70,80.90,82.00,82.20,83.40,79.70,79.20,83.60,84.40,82.20,82.00,87.80,86.60,83.60,83.90,84.70,86.60,84.90,82.90,83.00,85.30,83.40,84.40,84.90,85.20,87.00,80.80
28,Madrid,Servicios,2516.80,2672.90,2692.70,2614.20,2624.10,2546.90,2579.50,2536.50,2556.60,2535.30,2509.40,2534.30,2485.30,2465.80,2471.20,2451.00,2461.10,2442.80,2466.10,2388.10,2373.50,2359.90,2387.00,2339.40,2321.60,2252.10,2269.40,2315.40,2338.30,2348.20,2358.70,2395.30,2421.80,2428.10,2393.70,2411.70,2472.40,2458.30,2468.20,2455.90,2446.10,2473.80,2431.30,2433.60,2451.70,2450.20,2515.20,2496.90,2457.90,2428.80
29,Málaga,Servicios,502.00,515.70,532.50,539.40,535.40,530.10,535.90,547.50,526.70,491.50,509.50,511.70,498.40,470.10,486.90,503.30,491.70,491.50,503.40,505.20,500.80,465.40,485.10,489.20,462.30,430.60,434.10,448.80,440.00,421.60,439.20,458.60,451.60,436.10,449.20,460.20,448.40,441.10,444.40,465.90,456.70,442.90,456.80,469.90,449.70,436.60,454.10,467.80,446.40,452.30
30,Murcia,Servicios,390.30,414.30,416.40,416.40,414.20,397.20,396.90,397.80,400.60,396.40,406.50,393.40,391.60,389.50,391.60,386.20,387.90,376.60,374.90,382.00,360.40,348.60,360.50,365.00,370.50,359.50,357.80,355.50,349.60,340.00,341.20,360.90,366.20,362.80,361.60,371.70,364.20,352.30,366.00,367.60,372.90,360.90,372.90,386.30,383.80,375.60,387.40,390.10,390.40,382.10
31,Navarra,Servicios,175.40,183.30,193.30,186.10,188.40,182.60,180.10,178.70,175.40,175.30,175.60,176.40,179.50,179.90,184.50,182.00,170.70,176.60,173.30,173.10,178.10,169.40,172.80,167.50,169.30,166.40,162.70,161.20,160.10,161.30,168.40,171.70,174.50,170.90,171.90,178.50,181.70,180.80,177.60,174.90,178.80,165.80,164.90,169.40,160.00,162.70,167.20,168.40,166.60,168.10
32,Ourense,Servicios,76.60,78.60,80.80,77.90,81.20,80.50,83.40,79.00,81.00,80.80,82.50,79.70,76.80,78.00,75.20,78.00,75.20,70.70,72.50,74.70,72.10,73.40,74.60,74.10,73.40,73.90,75.00,73.00,74.00,74.80,74.50,75.70,75.60,78.40,80.80,78.70,79.60,76.70,78.60,77.40,78.90,81.60,82.70,82.00,81.70,82.10,90.90,86.80,85.00,84.50
34,Palencia,Servicios,42.70,41.30,42.60,44.00,40.50,39.60,38.30,40.20,42.60,41.60,40.60,41.40,40.90,39.30,39.80,40.60,39.10,40.80,39.70,43.40,38.40,36.10,35.50,36.60,37.60,36.00,41.10,41.80,42.10,42.50,40.80,40.30,38.90,39.60,40.50,41.10,42.90,44.60,47.40,48.10,44.80,44.40,44.90,44.70,41.90,40.90,41.70,43.40,41.80,41.40
35,Las Palmas,Servicios,378.00,430.20,424.50,388.70,390.10,393.80,422.60,429.30,413.30,410.50,407.30,395.20,384.20,368.40,370.40,359.80,358.80,367.10,362.10,351.70,354.90,355.20,346.00,326.10,337.40,340.80,336.70,324.20,324.80,334.80,335.00,338.80,330.40,336.00,335.40,338.50,339.10,332.40,318.20,322.10,320.40,330.20,333.40,329.40,328.90,340.20,346.30,361.00,364.40,347.70
36,Pontevedra,Servicios,236.60,241.50,247.10,256.50,255.00,250.90,253.90,259.50,259.80,242.50,243.10,249.30,241.00,237.70,242.70,247.60,239.20,234.40,236.40,241.70,233.00,224.80,226.60,234.30,230.10,227.30,229.30,236.20,230.20,227.60,235.10,239.00,233.70,236.20,239.70,245.50,250.60,243.40,243.10,252.80,246.70,242.70,248.40,250.50,245.40,244.10,254.70,256.50,253.80,256.20
26,La Rioja,Servicios,86.50,88.60,90.50,89.50,92.60,89.30,88.90,88.40,88.10,89.50,88.40,89.60,90.90,88.30,88.80,86.00,84.70,84.30,82.70,81.50,80.90,78.80,79.50,82.00,81.40,78.20,77.30,76.70,71.10,74.50,77.00,77.10,77.50,78.60,84.00,81.40,80.60,80.20,79.10,84.70,83.50,82.40,85.20,83.80,85.10,86.80,88.00,85.10,87.70,86.90
37,Salamanca,Servicios,96.40,96.40,97.60,96.70,96.50,96.60,96.10,99.10,94.50,94.00,99.10,98.60,94.40,92.90,89.70,92.90,87.80,87.30,93.10,95.80,92.60,91.40,87.80,94.00,93.20,92.30,94.60,95.60,97.20,91.50,90.00,93.40,93.40,95.20,93.80,97.90,97.00,94.90,101.20,101.80,99.60,92.70,94.80,90.00,86.90,83.40,87.00,92.60,93.90,102.60
38,Santa Cruz de Tenerife,Servicios,326.50,387.70,400.70,385.90,394.90,385.60,385.10,368.40,359.30,361.60,358.40,355.20,342.60,347.90,352.50,349.40,347.00,346.80,350.80,336.70,321.50,319.50,317.50,307.80,299.50,294.70,298.00,300.70,292.60,292.50,300.30,295.20,315.20,313.60,317.60,326.30,326.10,313.60,309.60,294.90,286.10,294.10,306.00,306.10,296.90,289.70,299.00,298.70,295.10,297.00
40,Segovia,Servicios,42.10,44.30,46.90,45.40,43.40,42.10,43.10,41.90,42.30,41.50,44.00,46.80,48.30,46.50,45.20,47.50,44.00,43.70,43.10,44.00,46.30,46.50,45.80,45.50,45.30,43.70,43.80,44.30,44.10,43.90,44.90,45.20,42.70,43.00,43.60,45.60,47.80,47.40,48.40,48.20,45.20,45.30,43.00,43.60,40.10,39.80,41.20,41.30,42.50,38.70
41,Sevilla,Servicios,529.70,581.80,588.80,583.90,580.20,581.20,590.40,577.30,565.80,556.70,558.80,566.90,553.90,545.90,530.00,526.90,541.30,534.40,535.10,520.40,532.60,510.70,513.00,489.20,486.50,481.20,476.20,483.50,499.60,496.40,494.20,495.90,509.70,514.60,520.10,518.50,533.50,526.10,531.60,525.90,533.70,513.70,515.90,516.20,532.70,535.50,550.10,559.80,563.20,546.20
42,Soria,Servicios,24.20,25.70,25.30,26.70,24.50,24.20,25.70,25.20,24.30,24.20,24.60,25.10,24.70,23.00,23.90,22.30,21.50,21.40,22.10,23.60,22.20,24.10,23.30,23.80,23.40,23.00,24.00,23.30,23.40,22.80,22.40,22.50,22.20,22.40,23.50,25.00,24.30,23.80,25.10,25.70,23.70,23.70,21.30,23.20,23.80,21.80,24.80,25.80,25.00,23.90
43,Tarragona,Servicios,235.30,246.00,248.10,251.80,238.10,226.70,223.60,236.50,230.80,229.00,225.90,238.40,241.60,208.50,214.60,233.50,225.00,217.90,218.60,230.00,218.20,213.70,215.00,233.90,223.40,203.70,211.10,222.20,212.20,198.70,205.10,212.30,223.10,215.40,214.70,226.50,229.90,216.60,215.10,232.80,228.00,218.70,220.30,233.90,224.50,222.40,222.60,228.40,224.60,221.10
44,Teruel,Servicios,34.10,35.70,37.70,36.50,35.70,34.60,35.40,37.00,35.90,34.30,33.30,35.20,33.50,30.60,32.60,33.00,32.00,32.90,33.20,32.20,31.40,29.40,31.20,32.20,33.00,32.10,32.60,32.00,32.40,31.90,32.60,32.70,33.90,33.20,33.50,32.70,32.20,34.00,32.70,31.80,32.00,33.80,34.80,36.90,35.00,34.90,35.40,35.80,34.70,36.20
45,Toledo,Servicios,187.40,187.20,192.60,188.00,179.00,185.30,185.00,181.50,168.20,165.40,173.20,174.40,171.30,175.50,174.20,172.10,168.10,166.20,165.20,173.90,164.70,169.70,177.30,178.50,176.00,166.30,168.90,174.60,169.00,166.50,166.30,167.60,173.00,171.90,178.30,186.00,179.30,175.50,170.30,170.80,173.90,175.70,178.10,172.30,167.90,165.40,166.10,165.20,170.20,167.50
46,Valencia/València,Servicios,732.30,781.40,790.20,787.90,796.90,808.60,817.20,796.80,801.80,782.40,789.10,763.50,740.00,752.30,769.20,743.40,745.70,739.50,722.60,702.30,704.20,704.90,716.30,697.00,709.90,715.40,711.60,675.80,677.30,695.20,705.30,690.90,708.60,726.50,739.20,719.40,726.90,711.60,740.30,719.40,717.10,730.30,709.50,694.10,703.90,732.10,756.10,733.70,766.50,768.50
47,Valladolid,Servicios,158.40,172.60,168.70,167.20,164.40,162.10,163.20,160.10,153.90,149.90,154.60,155.20,160.50,157.90,156.80,158.00,155.50,157.60,158.60,157.40,153.50,155.40,157.80,158.60,155.10,150.60,149.20,152.10,156.50,151.00,151.30,161.40,160.00,159.60,164.30,170.50,167.10,167.30,165.80,161.60,159.80,162.40,170.70,171.20,167.70,161.60,161.30,162.80,159.90,162.20
49,Zamora,Servicios,40.40,41.60,42.00,44.10,42.10,42.40,42.00,43.50,41.60,41.50,46.90,47.20,45.90,44.80,44.90,43.90,41.40,41.80,45.40,46.60,46.30,42.80,43.30,41.10,40.30,38.70,37.10,36.90,38.50,34.60,35.30,39.20,39.30,40.90,42.10,45.40,42.20,41.60,44.50,44.80,42.60,40.20,40.40,41.40,40.20,39.70,42.50,45.20,41.10,40.40
50,Zaragoza,Servicios,283.90,295.20,302.00,302.10,298.80,296.80,290.80,284.50,285.30,280.00,286.40,290.60,299.20,291.20,293.30,283.90,285.30,281.70,285.40,278.60,271.60,270.90,278.30,283.00,273.40,266.60,279.70,278.50,269.10,271.00,281.80,278.60,283.10,278.90,280.90,276.20,275.60,266.80,262.60,273.80,273.30,278.10,282.20,290.40,286.80,290.00,300.10,301.20,288.50,286.00
51,Ceuta,Servicios,27.30,27.70,26.60,25.90,26.20,27.00,25.10,24.60,26.40,24.90,26.00,26.70,27.50,27.10,26.10,26.10,26.50,26.40,26.20,25.20,25.70,23.30,24.20,24.10,24.40,23.70,22.20,24.20,24.20,24.40,21.30,21.80,23.10,23.40,26.20,22.50,24.60,24.30,23.40,22.70,22.60,24.80,22.70,24.80,26.00,27.60,26.80,24.60,23.60,23.50
52,Melilla,Servicios,28.00,26.90,24.80,24.20,26.90,27.60,27.90,28.40,26.60,25.50,26.30,26.00,24.60,24.00,24.80,24.20,22.40,22.80,22.00,23.60,22.10,21.80,22.20,22.00,22.70,24.50,22.40,21.20,24.40,23.40,23.50,23.00,23.00,24.00,23.20,25.10,25.00,25.30,22.40,21.90,21.10,22.30,21.00,21.10,21.40,19.50,21.20,22.00,22.10,21.30
